[{"pk": 19, "model": "contenttypes.contenttype", "fields": {"model": "asset", "name": "asset", "app_label": "rw"}}, {"pk": 16, "model": "contenttypes.contenttype", "fields": {"model": "audiotrack", "name": "audiotrack", "app_label": "rw"}}, {"pk": 5, "model": "contenttypes.contenttype", "fields": {"model": "contenttype", "name": "content type", "app_label": "contenttypes"}}, {"pk": 20, "model": "contenttypes.contenttype", "fields": {"model": "envelope", "name": "envelope", "app_label": "rw"}}, {"pk": 18, "model": "contenttypes.contenttype", "fields": {"model": "event", "name": "event", "app_label": "rw"}}, {"pk": 17, "model": "contenttypes.contenttype", "fields": {"model": "eventtype", "name": "event type", "app_label": "rw"}}, {"pk": 2, "model": "contenttypes.contenttype", "fields": {"model": "group", "name": "group", "app_label": "auth"}}, {"pk": 22, "model": "contenttypes.contenttype", "fields": {"model": "logentry", "name": "log entry", "app_label": "admin"}}, {"pk": 14, "model": "contenttypes.contenttype", "fields": {"model": "masterui", "name": "master ui", "app_label": "rw"}}, {"pk": 4, "model": "contenttypes.contenttype", "fields": {"model": "message", "name": "message", "app_label": "auth"}}, {"pk": 1, "model": "contenttypes.contenttype", "fields": {"model": "permission", "name": "permission", "app_label": "auth"}}, {"pk": 8, "model": "contenttypes.contenttype", "fields": {"model": "project", "name": "project", "app_label": "rw"}}, {"pk": 12, "model": "contenttypes.contenttype", "fields": {"model": "selectionmethod", "name": "selection method", "app_label": "rw"}}, {"pk": 9, "model": "contenttypes.contenttype", "fields": {"model": "session", "name": "session", "app_label": "rw"}}, {"pk": 6, "model": "contenttypes.contenttype", "fields": {"model": "session", "name": "session", "app_label": "sessions"}}, {"pk": 7, "model": "contenttypes.contenttype", "fields": {"model": "site", "name": "site", "app_label": "sites"}}, {"pk": 21, "model": "contenttypes.contenttype", "fields": {"model": "speaker", "name": "speaker", "app_label": "rw"}}, {"pk": 13, "model": "contenttypes.contenttype", "fields": {"model": "tag", "name": "tag", "app_label": "rw"}}, {"pk": 11, "model": "contenttypes.contenttype", "fields": {"model": "tagcategory", "name": "tag category", "app_label": "rw"}}, {"pk": 15, "model": "contenttypes.contenttype", "fields": {"model": "uimapping", "name": "ui mapping", "app_label": "rw"}}, {"pk": 10, "model": "contenttypes.contenttype", "fields": {"model": "uimode", "name": "ui mode", "app_label": "rw"}}, {"pk": 3, "model": "contenttypes.contenttype", "fields": {"model": "user", "name": "user", "app_label": "auth"}}, {"pk": "218bef5901fc9fc55967d002115324cb", "model": "sessions.session", "fields": {"expire_date": "2012-01-16 14:24:58", "session_data": "NDc2MzRhYzJjZTNmNTY2NzE1NGMxYWQ1MjEwODA4ZmYzNDA5NDBmYjqAAn1xAShVEl9hdXRoX3Vz\nZXJfYmFja2VuZHECVSlkamFuZ28uY29udHJpYi5hdXRoLmJhY2tlbmRzLk1vZGVsQmFja2VuZHED\nVQ1fYXV0aF91c2VyX2lkcQSKAQF1Lg==\n"}}, {"pk": 1, "model": "sites.site", "fields": {"domain": "example.com", "name": "example.com"}}, {"pk": 1, "model": "rw.project", "fields": {"audio_format": "mp3", "name": "Test Project", "out_of_range_message": "Test out of range message", "auto_submit": true, "out_of_range_url": "http://mountainghosts.dyndns.org:8000/mg_outofrange.mp3", "listen_questions_dynamic": false, "longitude": 1.0, "sharing_message": "Test sharing msg", "speak_questions_dynamic": false, "latitude": 1.0, "pub_date": "2011-12-06 16:06:32", "max_recording_length": 30}}, {"pk": 1, "model": "rw.session", "fields": {"project": 1, "stoptime": null, "starttime": "2011-12-11 01:04:21", "device_id": "e87e8199-01c9-4151-ae96-d704b61323e7"}}, {"pk": 2, "model": "rw.session", "fields": {"project": 1, "stoptime": null, "starttime": "2011-12-11 07:11:28", "device_id": ""}}, {"pk": 3, "model": "rw.session", "fields": {"project": 1, "stoptime": null, "starttime": "2011-12-11 07:29:06", "device_id": "712200b0-e956-41a7-9515-0980fd19239e"}}, {"pk": 4, "model": "rw.session", "fields": {"project": 1, "stoptime": null, "starttime": "2011-12-11 07:32:12", "device_id": "712200b0-e956-41a7-9515-0980fd19239e"}}, {"pk": 5, "model": "rw.session", "fields": {"project": 1, "stoptime": null, "starttime": "2011-12-11 07:38:43", "device_id": "712200b0-e956-41a7-9515-0980fd19239e"}}, {"pk": 6, "model": "rw.session", "fields": {"project": 1, "stoptime": null, "starttime": "2011-12-11 08:41:56", "device_id": "712200b0-e956-41a7-9515-0980fd19239e"}}, {"pk": 7, "model": "rw.session", "fields": {"project": 1, "stoptime": null, "starttime": "2011-12-11 08:45:28", "device_id": "712200b0-e956-41a7-9515-0980fd19239e"}}, {"pk": 8, "model": "rw.session", "fields": {"project": 1, "stoptime": null, "starttime": "2011-12-11 08:49:07", "device_id": "712200b0-e956-41a7-9515-0980fd19239e"}}, {"pk": 9, "model": "rw.session", "fields": {"project": 1, "stoptime": null, "starttime": "2011-12-11 08:49:33", "device_id": "712200b0-e956-41a7-9515-0980fd19239e"}}, {"pk": 10, "model": "rw.session", "fields": {"project": 1, "stoptime": null, "starttime": "2011-12-11 08:51:39", "device_id": "712200b0-e956-41a7-9515-0980fd19239e"}}, {"pk": 11, "model": "rw.session", "fields": {"project": 1, "stoptime": null, "starttime": "2011-12-11 09:14:05", "device_id": "712200b0-e956-41a7-9515-0980fd19239e"}}, {"pk": 12, "model": "rw.session", "fields": {"project": 1, "stoptime": null, "starttime": "2011-12-11 09:15:26", "device_id": "712200b0-e956-41a7-9515-0980fd19239e"}}, {"pk": 13, "model": "rw.session", "fields": {"project": 1, "stoptime": null, "starttime": "2011-12-11 09:16:33", "device_id": "712200b0-e956-41a7-9515-0980fd19239e"}}, {"pk": 14, "model": "rw.session", "fields": {"project": 1, "stoptime": null, "starttime": "2011-12-11 09:18:25", "device_id": "712200b0-e956-41a7-9515-0980fd19239e"}}, {"pk": 15, "model": "rw.session", "fields": {"project": 1, "stoptime": null, "starttime": "2011-12-11 09:20:54", "device_id": "(null)"}}, {"pk": 16, "model": "rw.session", "fields": {"project": 1, "stoptime": null, "starttime": "2011-12-11 09:24:46", "device_id": "(null)"}}, {"pk": 17, "model": "rw.session", "fields": {"project": 1, "stoptime": null, "starttime": "2011-12-11 12:56:42", "device_id": "712200b0-e956-41a7-9515-0980fd19239e"}}, {"pk": 18, "model": "rw.session", "fields": {"project": 1, "stoptime": null, "starttime": "2011-12-11 14:24:29", "device_id": "(null)"}}, {"pk": 19, "model": "rw.session", "fields": {"project": 1, "stoptime": null, "starttime": "2011-12-11 14:27:57", "device_id": "(null)"}}, {"pk": 20, "model": "rw.session", "fields": {"project": 1, "stoptime": null, "starttime": "2011-12-11 14:28:47", "device_id": "(null)"}}, {"pk": 21, "model": "rw.session", "fields": {"project": 1, "stoptime": null, "starttime": "2011-12-11 14:30:43", "device_id": "(null)"}}, {"pk": 22, "model": "rw.session", "fields": {"project": 1, "stoptime": null, "starttime": "2011-12-11 14:33:53", "device_id": "(null)"}}, {"pk": 23, "model": "rw.session", "fields": {"project": 1, "stoptime": null, "starttime": "2011-12-11 14:37:36", "device_id": "(null)"}}, {"pk": 24, "model": "rw.session", "fields": {"project": 1, "stoptime": null, "starttime": "2011-12-11 14:46:37", "device_id": "(null)"}}, {"pk": 25, "model": "rw.session", "fields": {"project": 1, "stoptime": null, "starttime": "2011-12-11 14:48:03", "device_id": "(null)"}}, {"pk": 26, "model": "rw.session", "fields": {"project": 1, "stoptime": null, "starttime": "2011-12-11 14:48:40", "device_id": "(null)"}}, {"pk": 27, "model": "rw.session", "fields": {"project": 1, "stoptime": null, "starttime": "2011-12-11 14:52:37", "device_id": "(null)"}}, {"pk": 28, "model": "rw.session", "fields": {"project": 1, "stoptime": null, "starttime": "2011-12-11 14:57:27", "device_id": "(null)"}}, {"pk": 29, "model": "rw.session", "fields": {"project": 1, "stoptime": null, "starttime": "2011-12-11 14:58:39", "device_id": "(null)"}}, {"pk": 30, "model": "rw.session", "fields": {"project": 1, "stoptime": null, "starttime": "2011-12-11 15:06:32", "device_id": "(null)"}}, {"pk": 31, "model": "rw.session", "fields": {"project": 1, "stoptime": null, "starttime": "2011-12-11 15:08:41", "device_id": "(null)"}}, {"pk": 32, "model": "rw.session", "fields": {"project": 1, "stoptime": null, "starttime": "2011-12-11 15:09:05", "device_id": "3f9aa1fd-3093-4bde-8698-de0a4e37ca61"}}, {"pk": 33, "model": "rw.session", "fields": {"project": 1, "stoptime": null, "starttime": "2011-12-11 15:11:21", "device_id": "fb0faef7-56d8-471d-801f-5df1caf41990"}}, {"pk": 34, "model": "rw.session", "fields": {"project": 1, "stoptime": null, "starttime": "2011-12-11 15:11:35", "device_id": "(null)"}}, {"pk": 35, "model": "rw.session", "fields": {"project": 1, "stoptime": null, "starttime": "2011-12-11 15:13:41", "device_id": "3ddb6b48-1582-43e7-96c9-25607d5c7f5c"}}, {"pk": 36, "model": "rw.session", "fields": {"project": 1, "stoptime": null, "starttime": "2011-12-11 15:14:54", "device_id": "(null)"}}, {"pk": 37, "model": "rw.session", "fields": {"project": 1, "stoptime": null, "starttime": "2011-12-11 15:15:12", "device_id": "560d5c92-e758-4052-9343-bca2af93047b"}}, {"pk": 38, "model": "rw.session", "fields": {"project": 1, "stoptime": null, "starttime": "2011-12-11 15:15:44", "device_id": "ec14fbec-562d-4597-923f-8e500c794426"}}, {"pk": 39, "model": "rw.session", "fields": {"project": 1, "stoptime": null, "starttime": "2011-12-11 15:18:03", "device_id": "1951f58b-1188-40a2-80ec-09cf1c20d161"}}, {"pk": 40, "model": "rw.session", "fields": {"project": 1, "stoptime": null, "starttime": "2011-12-11 15:18:36", "device_id": "(null)"}}, {"pk": 41, "model": "rw.session", "fields": {"project": 1, "stoptime": null, "starttime": "2011-12-11 15:19:08", "device_id": "7aa41dd1-142a-4231-a3a2-a1b9eeb356da"}}, {"pk": 42, "model": "rw.session", "fields": {"project": 1, "stoptime": null, "starttime": "2011-12-11 15:19:27", "device_id": "(null)"}}, {"pk": 43, "model": "rw.session", "fields": {"project": 1, "stoptime": null, "starttime": "2011-12-11 15:20:00", "device_id": "(null)"}}, {"pk": 44, "model": "rw.session", "fields": {"project": 1, "stoptime": null, "starttime": "2011-12-11 15:21:54", "device_id": "cb208aec-37a6-4b09-8078-8ab132383440"}}, {"pk": 45, "model": "rw.session", "fields": {"project": 1, "stoptime": null, "starttime": "2011-12-11 15:34:44", "device_id": "cb21b605-cac0-40cc-86a8-7e69822fb47d"}}, {"pk": 46, "model": "rw.session", "fields": {"project": 1, "stoptime": null, "starttime": "2011-12-11 18:07:58", "device_id": "(null)"}}, {"pk": 47, "model": "rw.session", "fields": {"project": 1, "stoptime": null, "starttime": "2011-12-11 18:13:55", "device_id": "(null)"}}, {"pk": 48, "model": "rw.session", "fields": {"project": 1, "stoptime": null, "starttime": "2011-12-11 18:18:46", "device_id": "(null)"}}, {"pk": 49, "model": "rw.session", "fields": {"project": 1, "stoptime": null, "starttime": "2011-12-11 18:42:08", "device_id": "712200b0-e956-41a7-9515-0980fd19239e"}}, {"pk": 50, "model": "rw.session", "fields": {"project": 1, "stoptime": null, "starttime": "2011-12-11 18:49:33", "device_id": "(null)"}}, {"pk": 51, "model": "rw.session", "fields": {"project": 1, "stoptime": null, "starttime": "2011-12-11 21:24:55", "device_id": "(null)"}}, {"pk": 52, "model": "rw.session", "fields": {"project": 1, "stoptime": null, "starttime": "2011-12-11 21:26:14", "device_id": "(null)"}}, {"pk": 53, "model": "rw.session", "fields": {"project": 1, "stoptime": null, "starttime": "2011-12-11 21:31:16", "device_id": "(null)"}}, {"pk": 54, "model": "rw.session", "fields": {"project": 1, "stoptime": null, "starttime": "2011-12-11 21:32:33", "device_id": "(null)"}}, {"pk": 55, "model": "rw.session", "fields": {"project": 1, "stoptime": null, "starttime": "2011-12-11 21:40:12", "device_id": "(null)"}}, {"pk": 56, "model": "rw.session", "fields": {"project": 1, "stoptime": null, "starttime": "2011-12-11 21:41:45", "device_id": "(null)"}}, {"pk": 57, "model": "rw.session", "fields": {"project": 1, "stoptime": null, "starttime": "2011-12-11 21:43:10", "device_id": "(null)"}}, {"pk": 58, "model": "rw.session", "fields": {"project": 1, "stoptime": null, "starttime": "2011-12-11 21:44:57", "device_id": "(null)"}}, {"pk": 59, "model": "rw.session", "fields": {"project": 1, "stoptime": null, "starttime": "2011-12-12 05:47:01", "device_id": "(null)"}}, {"pk": 60, "model": "rw.session", "fields": {"project": 1, "stoptime": null, "starttime": "2011-12-12 07:09:32", "device_id": "(null)"}}, {"pk": 61, "model": "rw.session", "fields": {"project": 1, "stoptime": null, "starttime": "2011-12-12 07:17:37", "device_id": "(null)"}}, {"pk": 62, "model": "rw.session", "fields": {"project": 1, "stoptime": null, "starttime": "2011-12-12 07:34:54", "device_id": "(null)"}}, {"pk": 63, "model": "rw.session", "fields": {"project": 1, "stoptime": null, "starttime": "2011-12-12 07:36:59", "device_id": "(null)"}}, {"pk": 64, "model": "rw.session", "fields": {"project": 1, "stoptime": null, "starttime": "2011-12-12 08:03:10", "device_id": "(null)"}}, {"pk": 65, "model": "rw.session", "fields": {"project": 1, "stoptime": null, "starttime": "2011-12-12 08:11:26", "device_id": "(null)"}}, {"pk": 66, "model": "rw.session", "fields": {"project": 1, "stoptime": null, "starttime": "2011-12-12 08:12:15", "device_id": "(null)"}}, {"pk": 67, "model": "rw.session", "fields": {"project": 1, "stoptime": null, "starttime": "2011-12-12 08:24:52", "device_id": "(null)"}}, {"pk": 68, "model": "rw.session", "fields": {"project": 1, "stoptime": null, "starttime": "2011-12-12 08:25:39", "device_id": "(null)"}}, {"pk": 69, "model": "rw.session", "fields": {"project": 1, "stoptime": null, "starttime": "2011-12-12 08:27:53", "device_id": "(null)"}}, {"pk": 70, "model": "rw.session", "fields": {"project": 1, "stoptime": null, "starttime": "2011-12-12 08:28:53", "device_id": "(null)"}}, {"pk": 71, "model": "rw.session", "fields": {"project": 1, "stoptime": null, "starttime": "2011-12-12 08:30:05", "device_id": "(null)"}}, {"pk": 72, "model": "rw.session", "fields": {"project": 1, "stoptime": null, "starttime": "2011-12-12 08:35:12", "device_id": "(null)"}}, {"pk": 73, "model": "rw.session", "fields": {"project": 1, "stoptime": null, "starttime": "2011-12-12 12:21:53", "device_id": "(null)"}}, {"pk": 74, "model": "rw.session", "fields": {"project": 1, "stoptime": null, "starttime": "2011-12-12 12:22:10", "device_id": "(null)"}}, {"pk": 75, "model": "rw.session", "fields": {"project": 1, "stoptime": null, "starttime": "2011-12-12 12:48:53", "device_id": "(null)"}}, {"pk": 76, "model": "rw.session", "fields": {"project": 1, "stoptime": null, "starttime": "2011-12-12 12:49:28", "device_id": "(null)"}}, {"pk": 77, "model": "rw.session", "fields": {"project": 1, "stoptime": null, "starttime": "2011-12-12 13:09:13", "device_id": "(null)"}}, {"pk": 78, "model": "rw.session", "fields": {"project": 1, "stoptime": null, "starttime": "2011-12-12 13:17:27", "device_id": "a005f394-713e-4b78-ad86-4bbdf20680f4"}}, {"pk": 79, "model": "rw.session", "fields": {"project": 1, "stoptime": null, "starttime": "2011-12-12 14:11:47", "device_id": "(null)"}}, {"pk": 80, "model": "rw.session", "fields": {"project": 1, "stoptime": null, "starttime": "2011-12-12 14:52:52", "device_id": "6864f84e-744e-4d90-8f05-d45c216ec140"}}, {"pk": 81, "model": "rw.session", "fields": {"project": 1, "stoptime": null, "starttime": "2011-12-12 15:04:44", "device_id": "a9c06bdb-1512-49a6-9ec5-1d29d367ddd5"}}, {"pk": 82, "model": "rw.session", "fields": {"project": 1, "stoptime": null, "starttime": "2011-12-12 15:04:48", "device_id": "ef39b0ed-4909-4685-acf2-27e6027f3e5b"}}, {"pk": 83, "model": "rw.session", "fields": {"project": 1, "stoptime": null, "starttime": "2011-12-12 15:05:05", "device_id": "0ee0a64c-11a6-433a-975c-87ac61c3a6c9"}}, {"pk": 84, "model": "rw.session", "fields": {"project": 1, "stoptime": null, "starttime": "2011-12-12 15:05:24", "device_id": "2f044e2f-6065-4ac7-b6af-97f8bbfc432f"}}, {"pk": 85, "model": "rw.session", "fields": {"project": 1, "stoptime": null, "starttime": "2011-12-12 15:08:13", "device_id": "1185ee44-9c88-4aa9-b66e-93e0666534a5"}}, {"pk": 86, "model": "rw.session", "fields": {"project": 1, "stoptime": null, "starttime": "2011-12-12 15:49:03", "device_id": "(null)"}}, {"pk": 87, "model": "rw.session", "fields": {"project": 1, "stoptime": null, "starttime": "2011-12-12 16:01:31", "device_id": "(null)"}}, {"pk": 88, "model": "rw.session", "fields": {"project": 1, "stoptime": null, "starttime": "2011-12-12 16:15:39", "device_id": "f873edf8-454d-4e75-a5aa-9d67cf8737e8"}}, {"pk": 89, "model": "rw.session", "fields": {"project": 1, "stoptime": null, "starttime": "2011-12-12 16:19:12", "device_id": "(null)"}}, {"pk": 90, "model": "rw.session", "fields": {"project": 1, "stoptime": null, "starttime": "2011-12-12 16:26:46", "device_id": "(null)"}}, {"pk": 91, "model": "rw.session", "fields": {"project": 1, "stoptime": null, "starttime": "2011-12-12 16:32:16", "device_id": "(null)"}}, {"pk": 92, "model": "rw.session", "fields": {"project": 1, "stoptime": null, "starttime": "2011-12-12 16:42:42", "device_id": "(null)"}}, {"pk": 93, "model": "rw.session", "fields": {"project": 1, "stoptime": null, "starttime": "2011-12-12 16:44:25", "device_id": "(null)"}}, {"pk": 94, "model": "rw.session", "fields": {"project": 1, "stoptime": null, "starttime": "2011-12-12 16:46:03", "device_id": "(null)"}}, {"pk": 95, "model": "rw.session", "fields": {"project": 1, "stoptime": null, "starttime": "2011-12-12 16:47:05", "device_id": "(null)"}}, {"pk": 96, "model": "rw.session", "fields": {"project": 1, "stoptime": null, "starttime": "2011-12-12 16:47:42", "device_id": "(null)"}}, {"pk": 97, "model": "rw.session", "fields": {"project": 1, "stoptime": null, "starttime": "2011-12-12 16:49:23", "device_id": "(null)"}}, {"pk": 98, "model": "rw.session", "fields": {"project": 1, "stoptime": null, "starttime": "2011-12-12 16:49:56", "device_id": "(null)"}}, {"pk": 99, "model": "rw.session", "fields": {"project": 1, "stoptime": null, "starttime": "2011-12-12 16:52:00", "device_id": "(null)"}}, {"pk": 100, "model": "rw.session", "fields": {"project": 1, "stoptime": null, "starttime": "2011-12-12 16:52:47", "device_id": "(null)"}}, {"pk": 101, "model": "rw.session", "fields": {"project": 1, "stoptime": null, "starttime": "2011-12-12 16:54:39", "device_id": "(null)"}}, {"pk": 102, "model": "rw.session", "fields": {"project": 1, "stoptime": null, "starttime": "2011-12-12 16:57:13", "device_id": "(null)"}}, {"pk": 103, "model": "rw.session", "fields": {"project": 1, "stoptime": null, "starttime": "2011-12-12 17:02:22", "device_id": "(null)"}}, {"pk": 104, "model": "rw.session", "fields": {"project": 1, "stoptime": null, "starttime": "2011-12-12 17:02:52", "device_id": "(null)"}}, {"pk": 105, "model": "rw.session", "fields": {"project": 1, "stoptime": null, "starttime": "2011-12-12 17:05:11", "device_id": "(null)"}}, {"pk": 106, "model": "rw.session", "fields": {"project": 1, "stoptime": null, "starttime": "2011-12-12 17:16:15", "device_id": "(null)"}}, {"pk": 107, "model": "rw.session", "fields": {"project": 1, "stoptime": null, "starttime": "2011-12-12 17:33:22", "device_id": "(null)"}}, {"pk": 108, "model": "rw.session", "fields": {"project": 1, "stoptime": null, "starttime": "2011-12-12 17:39:34", "device_id": "(null)"}}, {"pk": 109, "model": "rw.session", "fields": {"project": 1, "stoptime": null, "starttime": "2011-12-12 17:44:11", "device_id": "(null)"}}, {"pk": 110, "model": "rw.session", "fields": {"project": 1, "stoptime": null, "starttime": "2011-12-12 18:05:53", "device_id": "(null)"}}, {"pk": 111, "model": "rw.session", "fields": {"project": 1, "stoptime": null, "starttime": "2011-12-12 18:06:48", "device_id": "8c211575-2c00-4bdd-82cd-b13ce8c213f2"}}, {"pk": 112, "model": "rw.session", "fields": {"project": 1, "stoptime": null, "starttime": "2011-12-12 18:12:25", "device_id": "(null)"}}, {"pk": 113, "model": "rw.session", "fields": {"project": 1, "stoptime": null, "starttime": "2011-12-12 18:31:40", "device_id": "12f9f0da-e455-4187-928a-3aeceb245409"}}, {"pk": 114, "model": "rw.session", "fields": {"project": 1, "stoptime": null, "starttime": "2011-12-12 22:07:09", "device_id": "(null)"}}, {"pk": 115, "model": "rw.session", "fields": {"project": 1, "stoptime": null, "starttime": "2011-12-12 22:16:20", "device_id": "(null)"}}, {"pk": 116, "model": "rw.session", "fields": {"project": 1, "stoptime": null, "starttime": "2011-12-12 22:31:58", "device_id": "(null)"}}, {"pk": 117, "model": "rw.session", "fields": {"project": 1, "stoptime": null, "starttime": "2011-12-12 22:33:33", "device_id": "(null)"}}, {"pk": 118, "model": "rw.session", "fields": {"project": 1, "stoptime": null, "starttime": "2011-12-12 22:33:59", "device_id": "(null)"}}, {"pk": 119, "model": "rw.session", "fields": {"project": 1, "stoptime": null, "starttime": "2011-12-12 22:37:28", "device_id": "(null)"}}, {"pk": 120, "model": "rw.session", "fields": {"project": 1, "stoptime": null, "starttime": "2011-12-12 22:41:07", "device_id": "(null)"}}, {"pk": 121, "model": "rw.session", "fields": {"project": 1, "stoptime": null, "starttime": "2011-12-12 22:43:41", "device_id": "(null)"}}, {"pk": 122, "model": "rw.session", "fields": {"project": 1, "stoptime": null, "starttime": "2011-12-12 22:46:41", "device_id": "(null)"}}, {"pk": 123, "model": "rw.session", "fields": {"project": 1, "stoptime": null, "starttime": "2011-12-12 22:50:34", "device_id": "(null)"}}, {"pk": 124, "model": "rw.session", "fields": {"project": 1, "stoptime": null, "starttime": "2011-12-12 22:51:13", "device_id": "(null)"}}, {"pk": 125, "model": "rw.session", "fields": {"project": 1, "stoptime": null, "starttime": "2011-12-12 23:10:27", "device_id": "(null)"}}, {"pk": 126, "model": "rw.session", "fields": {"project": 1, "stoptime": null, "starttime": "2011-12-12 23:21:17", "device_id": "(null)"}}, {"pk": 127, "model": "rw.session", "fields": {"project": 1, "stoptime": null, "starttime": "2011-12-12 23:21:59", "device_id": "(null)"}}, {"pk": 128, "model": "rw.session", "fields": {"project": 1, "stoptime": null, "starttime": "2011-12-12 23:24:37", "device_id": "(null)"}}, {"pk": 129, "model": "rw.session", "fields": {"project": 1, "stoptime": null, "starttime": "2011-12-12 23:25:51", "device_id": "(null)"}}, {"pk": 130, "model": "rw.session", "fields": {"project": 1, "stoptime": null, "starttime": "2011-12-12 23:26:15", "device_id": "(null)"}}, {"pk": 131, "model": "rw.session", "fields": {"project": 1, "stoptime": null, "starttime": "2011-12-13 01:40:13", "device_id": "22a28c5d-ffd7-44d5-b62e-3fca0df6e7a9"}}, {"pk": 132, "model": "rw.session", "fields": {"project": 1, "stoptime": null, "starttime": "2011-12-13 01:49:40", "device_id": "de5eaf6d-d00e-4078-b2e7-d217ea137963"}}, {"pk": 133, "model": "rw.session", "fields": {"project": 1, "stoptime": null, "starttime": "2011-12-13 01:57:11", "device_id": "08846e1d-a832-4577-b4ec-015bf7c63d39"}}, {"pk": 134, "model": "rw.session", "fields": {"project": 1, "stoptime": null, "starttime": "2011-12-13 02:01:45", "device_id": "e1f9348f-46f5-4c8f-b622-77288bf034c4"}}, {"pk": 135, "model": "rw.session", "fields": {"project": 1, "stoptime": null, "starttime": "2011-12-13 02:09:36", "device_id": "deb5eb1e-2e29-4819-9af4-c41e71591859"}}, {"pk": 136, "model": "rw.session", "fields": {"project": 1, "stoptime": null, "starttime": "2011-12-13 02:30:06", "device_id": "a84f7cf0-ec21-4109-a15f-4f843cd724a7"}}, {"pk": 137, "model": "rw.session", "fields": {"project": 1, "stoptime": null, "starttime": "2011-12-13 02:55:50", "device_id": "d5e54f43-5cc1-4c78-b23f-c0f9bdf7595e"}}, {"pk": 138, "model": "rw.session", "fields": {"project": 1, "stoptime": null, "starttime": "2011-12-13 02:59:06", "device_id": "47aa1874-60c0-4399-b05b-43abee304030"}}, {"pk": 139, "model": "rw.session", "fields": {"project": 1, "stoptime": null, "starttime": "2011-12-13 03:00:43", "device_id": "63e8de70-1633-4986-85aa-5e84bde44f02"}}, {"pk": 140, "model": "rw.session", "fields": {"project": 1, "stoptime": null, "starttime": "2011-12-13 03:02:56", "device_id": "2770481e-b136-474d-b5b8-5212d623fd38"}}, {"pk": 141, "model": "rw.session", "fields": {"project": 1, "stoptime": null, "starttime": "2011-12-13 03:05:44", "device_id": "1ba38ac6-a2f6-435b-bcf8-24b9df4493ec"}}, {"pk": 142, "model": "rw.session", "fields": {"project": 1, "stoptime": null, "starttime": "2011-12-13 03:07:29", "device_id": "5596d750-b26e-4b36-92b3-bb626f1c2217"}}, {"pk": 143, "model": "rw.session", "fields": {"project": 1, "stoptime": null, "starttime": "2011-12-13 03:09:04", "device_id": "e51030f7-cbbd-4ca3-9da7-722858834311"}}, {"pk": 144, "model": "rw.session", "fields": {"project": 1, "stoptime": null, "starttime": "2011-12-13 05:35:39", "device_id": "6a0efdec-dfd7-4842-b351-7a797191941d"}}, {"pk": 145, "model": "rw.session", "fields": {"project": 1, "stoptime": null, "starttime": "2011-12-13 05:37:17", "device_id": "958934ed-8ad8-4d1f-bb22-ae9f5f154024"}}, {"pk": 146, "model": "rw.session", "fields": {"project": 1, "stoptime": null, "starttime": "2011-12-13 05:40:44", "device_id": "08f4198c-ea04-49cb-8672-b23b51074b4b"}}, {"pk": 147, "model": "rw.session", "fields": {"project": 1, "stoptime": null, "starttime": "2011-12-13 05:44:37", "device_id": "24771a2c-3a45-4d8e-a616-030c49b2464c"}}, {"pk": 148, "model": "rw.session", "fields": {"project": 1, "stoptime": null, "starttime": "2011-12-13 05:46:12", "device_id": "105ede0d-c84b-44e6-8029-58c2d7794021"}}, {"pk": 149, "model": "rw.session", "fields": {"project": 1, "stoptime": null, "starttime": "2011-12-13 05:47:49", "device_id": "6db8bf64-a569-4a7e-943d-8e703e8936f6"}}, {"pk": 150, "model": "rw.session", "fields": {"project": 1, "stoptime": null, "starttime": "2011-12-13 06:11:45", "device_id": "b4afc9b3-da16-4cfd-8e03-de4aa05a454b"}}, {"pk": 151, "model": "rw.session", "fields": {"project": 1, "stoptime": null, "starttime": "2011-12-13 06:12:22", "device_id": "c6f57ece-72eb-40a8-a8f1-9f2b137300d7"}}, {"pk": 152, "model": "rw.session", "fields": {"project": 1, "stoptime": null, "starttime": "2011-12-13 06:13:29", "device_id": "4cc3a5bd-7f18-49a1-a068-df0eae9019a9"}}, {"pk": 153, "model": "rw.session", "fields": {"project": 1, "stoptime": null, "starttime": "2011-12-13 06:15:47", "device_id": "a2cd4377-0f8f-479f-bfed-6b13064b6903"}}, {"pk": 154, "model": "rw.session", "fields": {"project": 1, "stoptime": null, "starttime": "2011-12-13 06:23:08", "device_id": "1f11630c-29bd-4d99-9ef0-a886dfc1b8e1"}}, {"pk": 155, "model": "rw.session", "fields": {"project": 1, "stoptime": null, "starttime": "2011-12-13 06:33:56", "device_id": "c2f60a4a-9a98-4e9f-9d18-5527aa97d1ec"}}, {"pk": 156, "model": "rw.session", "fields": {"project": 1, "stoptime": null, "starttime": "2011-12-13 07:02:16", "device_id": "c06d1ee2-4bfd-4e4e-9975-2984d26d808d"}}, {"pk": 157, "model": "rw.session", "fields": {"project": 1, "stoptime": null, "starttime": "2011-12-13 07:09:06", "device_id": "91e8f9ba-45b2-4c5a-92cd-246dd4bbdf3b"}}, {"pk": 158, "model": "rw.session", "fields": {"project": 1, "stoptime": null, "starttime": "2011-12-13 07:23:58", "device_id": "5ceb582b-80db-4bfc-b1e3-69254968a959"}}, {"pk": 159, "model": "rw.session", "fields": {"project": 1, "stoptime": null, "starttime": "2011-12-13 07:31:32", "device_id": "954dd189-9b7a-4719-892c-3fbd6210ce4d"}}, {"pk": 160, "model": "rw.session", "fields": {"project": 1, "stoptime": null, "starttime": "2011-12-13 07:32:08", "device_id": "(null)"}}, {"pk": 161, "model": "rw.session", "fields": {"project": 1, "stoptime": null, "starttime": "2011-12-13 07:49:40", "device_id": "(null)"}}, {"pk": 162, "model": "rw.session", "fields": {"project": 1, "stoptime": null, "starttime": "2011-12-13 07:50:29", "device_id": "(null)"}}, {"pk": 163, "model": "rw.session", "fields": {"project": 1, "stoptime": null, "starttime": "2011-12-13 07:53:48", "device_id": "(null)"}}, {"pk": 164, "model": "rw.session", "fields": {"project": 1, "stoptime": null, "starttime": "2011-12-13 07:57:41", "device_id": "aedc401c-2d61-4e14-a512-0edb54d5b0a9"}}, {"pk": 165, "model": "rw.session", "fields": {"project": 1, "stoptime": null, "starttime": "2011-12-13 07:59:23", "device_id": "269140c0-34c4-4b8a-8841-6281b5b2d4cd"}}, {"pk": 166, "model": "rw.session", "fields": {"project": 1, "stoptime": null, "starttime": "2011-12-13 08:02:11", "device_id": "9dbc19dd-6bb8-4adb-b914-dc04ddcb4790"}}, {"pk": 167, "model": "rw.session", "fields": {"project": 1, "stoptime": null, "starttime": "2011-12-13 08:03:47", "device_id": "9e6b15bc-5ec8-4686-bfe3-47e7879de67e"}}, {"pk": 168, "model": "rw.session", "fields": {"project": 1, "stoptime": null, "starttime": "2011-12-13 08:07:36", "device_id": "(null)"}}, {"pk": 169, "model": "rw.session", "fields": {"project": 1, "stoptime": null, "starttime": "2011-12-13 08:08:45", "device_id": "18856e87-a698-4544-b87b-8ce3de917b6f"}}, {"pk": 170, "model": "rw.session", "fields": {"project": 1, "stoptime": null, "starttime": "2011-12-13 08:09:15", "device_id": "(null)"}}, {"pk": 171, "model": "rw.session", "fields": {"project": 1, "stoptime": null, "starttime": "2011-12-13 08:10:19", "device_id": "1b0ea031-bcee-43c5-8e53-d123ab59e603"}}, {"pk": 172, "model": "rw.session", "fields": {"project": 1, "stoptime": null, "starttime": "2011-12-13 08:11:14", "device_id": "(null)"}}, {"pk": 173, "model": "rw.session", "fields": {"project": 1, "stoptime": null, "starttime": "2011-12-13 08:11:57", "device_id": "5a0a6570-226e-4fa7-aebb-4e7411122fc9"}}, {"pk": 174, "model": "rw.session", "fields": {"project": 1, "stoptime": null, "starttime": "2011-12-13 08:13:19", "device_id": "bd9b11e8-beb2-4c8c-92a0-7138bf0ad29a"}}, {"pk": 175, "model": "rw.session", "fields": {"project": 1, "stoptime": null, "starttime": "2011-12-13 08:14:00", "device_id": "4228897f-3624-41cb-a56d-82131c7f746a"}}, {"pk": 176, "model": "rw.session", "fields": {"project": 1, "stoptime": null, "starttime": "2011-12-13 08:20:30", "device_id": "6fcb3b58-61f8-4c8c-b181-f0d11c86a679"}}, {"pk": 177, "model": "rw.session", "fields": {"project": 1, "stoptime": null, "starttime": "2011-12-13 08:20:32", "device_id": "5ab28dad-5884-48a1-995b-42a67eafee02"}}, {"pk": 178, "model": "rw.session", "fields": {"project": 1, "stoptime": null, "starttime": "2011-12-13 08:20:34", "device_id": "46853d23-e62a-4055-8ad0-be4c64f2cad0"}}, {"pk": 179, "model": "rw.session", "fields": {"project": 1, "stoptime": null, "starttime": "2011-12-13 08:20:37", "device_id": "b0bd9339-99c0-4e79-9d4c-9602ac3fed2a"}}, {"pk": 180, "model": "rw.session", "fields": {"project": 1, "stoptime": null, "starttime": "2011-12-13 08:20:40", "device_id": "277bae49-5a17-4f1b-95b6-9e9c83438865"}}, {"pk": 181, "model": "rw.session", "fields": {"project": 1, "stoptime": null, "starttime": "2011-12-13 08:20:47", "device_id": "bd82eb57-b64c-4ccb-8783-97595e481cf2"}}, {"pk": 182, "model": "rw.session", "fields": {"project": 1, "stoptime": null, "starttime": "2011-12-13 08:20:51", "device_id": "b5b18813-d7cb-4c60-95e9-f059fba2469e"}}, {"pk": 183, "model": "rw.session", "fields": {"project": 1, "stoptime": null, "starttime": "2011-12-13 08:20:58", "device_id": "296e3bfe-fe35-41f9-9ecc-11eaf7c0c641"}}, {"pk": 184, "model": "rw.session", "fields": {"project": 1, "stoptime": null, "starttime": "2011-12-13 08:33:27", "device_id": "cf447ff1-3779-41a4-a07d-5426b2dc4abe"}}, {"pk": 185, "model": "rw.session", "fields": {"project": 1, "stoptime": null, "starttime": "2011-12-13 08:48:27", "device_id": "(null)"}}, {"pk": 186, "model": "rw.session", "fields": {"project": 1, "stoptime": null, "starttime": "2011-12-13 08:54:41", "device_id": "(null)"}}, {"pk": 187, "model": "rw.session", "fields": {"project": 1, "stoptime": null, "starttime": "2011-12-13 09:02:24", "device_id": "(null)"}}, {"pk": 188, "model": "rw.session", "fields": {"project": 1, "stoptime": null, "starttime": "2011-12-13 09:06:48", "device_id": ""}}, {"pk": 189, "model": "rw.session", "fields": {"project": 1, "stoptime": null, "starttime": "2011-12-13 09:06:53", "device_id": "39879d98-079f-44db-875d-44172a8b721f"}}, {"pk": 190, "model": "rw.session", "fields": {"project": 1, "stoptime": null, "starttime": "2011-12-13 09:08:48", "device_id": "47eb186e-e358-4581-9c52-f653799c558c"}}, {"pk": 191, "model": "rw.session", "fields": {"project": 1, "stoptime": null, "starttime": "2011-12-13 09:09:23", "device_id": "47eb186e-e358-4581-9c52-f653799c558c"}}, {"pk": 192, "model": "rw.session", "fields": {"project": 1, "stoptime": null, "starttime": "2011-12-13 09:26:12", "device_id": "d9677a24-1739-41f6-a574-ce5201d9f8d1"}}, {"pk": 193, "model": "rw.session", "fields": {"project": 1, "stoptime": null, "starttime": "2011-12-13 10:02:19", "device_id": "78ffde4e-a5b4-429b-a41e-babe3a5a3e67"}}, {"pk": 194, "model": "rw.session", "fields": {"project": 1, "stoptime": null, "starttime": "2011-12-13 10:04:38", "device_id": "35c3384b-e313-4d43-a90f-ea3ed9b80c70"}}, {"pk": 195, "model": "rw.session", "fields": {"project": 1, "stoptime": null, "starttime": "2011-12-13 10:05:30", "device_id": "62adac3c-a124-4498-a67c-c111b963835d"}}, {"pk": 196, "model": "rw.session", "fields": {"project": 1, "stoptime": null, "starttime": "2011-12-13 10:10:38", "device_id": "c20aa78a-0047-4bf0-b325-2a6601978303"}}, {"pk": 197, "model": "rw.session", "fields": {"project": 1, "stoptime": null, "starttime": "2011-12-13 10:12:08", "device_id": "144f0349-9992-462f-8afb-6480e650d2ac"}}, {"pk": 198, "model": "rw.session", "fields": {"project": 1, "stoptime": null, "starttime": "2011-12-13 10:13:29", "device_id": "c41a2806-4c7a-45f4-9903-9fa873034662"}}, {"pk": 199, "model": "rw.session", "fields": {"project": 1, "stoptime": null, "starttime": "2011-12-13 10:14:45", "device_id": "557fe705-dfb1-425c-92b6-7a18b2c641d1"}}, {"pk": 200, "model": "rw.session", "fields": {"project": 1, "stoptime": null, "starttime": "2011-12-13 10:18:13", "device_id": "86585a7d-153b-4331-bb99-a1c3e7686792"}}, {"pk": 201, "model": "rw.session", "fields": {"project": 1, "stoptime": null, "starttime": "2011-12-13 10:21:26", "device_id": "5b6f9058-b847-45fd-9737-5aac7c4cda01"}}, {"pk": 202, "model": "rw.session", "fields": {"project": 1, "stoptime": null, "starttime": "2011-12-13 10:22:46", "device_id": "712e9294-e965-49d4-b3e7-d61592cb017d"}}, {"pk": 203, "model": "rw.session", "fields": {"project": 1, "stoptime": null, "starttime": "2011-12-13 10:24:35", "device_id": "46a9b9e6-c48f-49d4-8b99-c7e822131447"}}, {"pk": 204, "model": "rw.session", "fields": {"project": 1, "stoptime": null, "starttime": "2011-12-13 10:36:26", "device_id": "fcedda79-7565-42f0-a6cd-af0d5a1ae559"}}, {"pk": 205, "model": "rw.session", "fields": {"project": 1, "stoptime": null, "starttime": "2011-12-13 10:58:46", "device_id": "31c0516f-3289-45e7-8ebe-6e52189a4ec9"}}, {"pk": 206, "model": "rw.session", "fields": {"project": 1, "stoptime": null, "starttime": "2011-12-13 11:00:25", "device_id": "4a27169f-81b5-4a70-8e78-658023ddb0a5"}}, {"pk": 207, "model": "rw.session", "fields": {"project": 1, "stoptime": null, "starttime": "2011-12-13 12:12:53", "device_id": "affe7827-049a-4587-a282-3049a8d24f32"}}, {"pk": 208, "model": "rw.session", "fields": {"project": 1, "stoptime": null, "starttime": "2011-12-13 12:28:11", "device_id": "47eb186e-e358-4581-9c52-f653799c558c"}}, {"pk": 209, "model": "rw.session", "fields": {"project": 1, "stoptime": null, "starttime": "2011-12-13 12:33:26", "device_id": "47eb186e-e358-4581-9c52-f653799c558c"}}, {"pk": 210, "model": "rw.session", "fields": {"project": 1, "stoptime": null, "starttime": "2011-12-13 12:53:05", "device_id": "47eb186e-e358-4581-9c52-f653799c558c"}}, {"pk": 211, "model": "rw.session", "fields": {"project": 1, "stoptime": null, "starttime": "2011-12-13 12:56:19", "device_id": "47eb186e-e358-4581-9c52-f653799c558c"}}, {"pk": 212, "model": "rw.session", "fields": {"project": 1, "stoptime": null, "starttime": "2011-12-13 13:01:36", "device_id": "47eb186e-e358-4581-9c52-f653799c558c"}}, {"pk": 213, "model": "rw.session", "fields": {"project": 1, "stoptime": null, "starttime": "2011-12-13 13:49:00", "device_id": "f6dd4ce3-5153-4ebf-b9ce-87b95c98ef32"}}, {"pk": 214, "model": "rw.session", "fields": {"project": 1, "stoptime": null, "starttime": "2011-12-13 13:49:05", "device_id": "7e9fb3c6-c84b-4b25-8c39-51819a583fbc"}}, {"pk": 215, "model": "rw.session", "fields": {"project": 1, "stoptime": null, "starttime": "2011-12-13 13:49:10", "device_id": "f9ebddfe-29fd-425a-9f21-f5d2e9d00ac4"}}, {"pk": 216, "model": "rw.session", "fields": {"project": 1, "stoptime": null, "starttime": "2011-12-13 13:51:02", "device_id": "ce2a75ee-235d-47dc-9f9b-569bd8d7cd41"}}, {"pk": 217, "model": "rw.session", "fields": {"project": 1, "stoptime": null, "starttime": "2011-12-13 13:51:15", "device_id": "12ebbac7-cee3-4ef2-88f5-c1158aa30d13"}}, {"pk": 218, "model": "rw.session", "fields": {"project": 1, "stoptime": null, "starttime": "2011-12-13 13:51:24", "device_id": "\"asdf\""}}, {"pk": 219, "model": "rw.session", "fields": {"project": 1, "stoptime": null, "starttime": "2011-12-13 16:00:00", "device_id": "9800195b-46e5-478b-a2e1-260549e0c30a"}}, {"pk": 220, "model": "rw.session", "fields": {"project": 1, "stoptime": null, "starttime": "2011-12-13 19:58:46", "device_id": "(null)"}}, {"pk": 221, "model": "rw.session", "fields": {"project": 1, "stoptime": null, "starttime": "2011-12-13 19:59:09", "device_id": "(null)"}}, {"pk": 222, "model": "rw.session", "fields": {"project": 1, "stoptime": null, "starttime": "2011-12-13 19:59:16", "device_id": "(null)"}}, {"pk": 223, "model": "rw.session", "fields": {"project": 1, "stoptime": null, "starttime": "2011-12-13 19:59:25", "device_id": "(null)"}}, {"pk": 224, "model": "rw.session", "fields": {"project": 1, "stoptime": null, "starttime": "2011-12-13 22:00:56", "device_id": "d7f8f588-b87c-485f-bb23-fc0a2b2f95e8"}}, {"pk": 225, "model": "rw.session", "fields": {"project": 1, "stoptime": null, "starttime": "2011-12-13 22:16:20", "device_id": "dde5ac16-64da-4d8a-8599-fc9821c0954e"}}, {"pk": 226, "model": "rw.session", "fields": {"project": 1, "stoptime": null, "starttime": "2011-12-13 22:17:29", "device_id": "(null)"}}, {"pk": 227, "model": "rw.session", "fields": {"project": 1, "stoptime": null, "starttime": "2011-12-13 22:18:34", "device_id": "(null)"}}, {"pk": 228, "model": "rw.session", "fields": {"project": 1, "stoptime": null, "starttime": "2011-12-14 07:35:00", "device_id": "d6dd0678-5408-4f6d-b283-f6d43bbdce1f"}}, {"pk": 229, "model": "rw.session", "fields": {"project": 1, "stoptime": null, "starttime": "2011-12-14 07:42:55", "device_id": "f5660889-9eb7-4e1a-a134-e683768ae1bb"}}, {"pk": 230, "model": "rw.session", "fields": {"project": 1, "stoptime": null, "starttime": "2011-12-14 07:44:18", "device_id": "(null)"}}, {"pk": 231, "model": "rw.session", "fields": {"project": 1, "stoptime": null, "starttime": "2011-12-14 09:53:04", "device_id": "29a45d53-33b2-4078-9a73-283da354b604"}}, {"pk": 232, "model": "rw.session", "fields": {"project": 1, "stoptime": null, "starttime": "2011-12-14 09:53:08", "device_id": "865b9cfe-7a13-4568-bcb1-ffd42a0c1052"}}, {"pk": 233, "model": "rw.session", "fields": {"project": 1, "stoptime": null, "starttime": "2011-12-14 09:53:24", "device_id": "4af63475-1a60-4b8e-b860-f0ff530a09ac"}}, {"pk": 234, "model": "rw.session", "fields": {"project": 1, "stoptime": null, "starttime": "2011-12-14 11:17:16", "device_id": "47eb186e-e358-4581-9c52-f653799c558c"}}, {"pk": 235, "model": "rw.session", "fields": {"project": 1, "stoptime": null, "starttime": "2011-12-14 11:18:13", "device_id": "47eb186e-e358-4581-9c52-f653799c558c"}}, {"pk": 236, "model": "rw.session", "fields": {"project": 1, "stoptime": null, "starttime": "2011-12-14 11:37:32", "device_id": "47eb186e-e358-4581-9c52-f653799c558c"}}, {"pk": 237, "model": "rw.session", "fields": {"project": 1, "stoptime": null, "starttime": "2011-12-14 11:39:38", "device_id": "(null)"}}, {"pk": 238, "model": "rw.session", "fields": {"project": 1, "stoptime": null, "starttime": "2011-12-14 11:41:56", "device_id": "795c8b09-47e4-4285-9a34-8d62935b40be"}}, {"pk": 239, "model": "rw.session", "fields": {"project": 1, "stoptime": null, "starttime": "2011-12-14 11:42:21", "device_id": "795c8b09-47e4-4285-9a34-8d62935b40be"}}, {"pk": 240, "model": "rw.session", "fields": {"project": 1, "stoptime": null, "starttime": "2011-12-14 11:45:28", "device_id": "795c8b09-47e4-4285-9a34-8d62935b40be"}}, {"pk": 241, "model": "rw.session", "fields": {"project": 1, "stoptime": null, "starttime": "2011-12-14 11:53:22", "device_id": "795c8b09-47e4-4285-9a34-8d62935b40be"}}, {"pk": 242, "model": "rw.session", "fields": {"project": 1, "stoptime": null, "starttime": "2011-12-14 11:57:35", "device_id": "795c8b09-47e4-4285-9a34-8d62935b40be"}}, {"pk": 243, "model": "rw.session", "fields": {"project": 1, "stoptime": null, "starttime": "2011-12-14 12:23:55", "device_id": "fbe4696f-5373-426f-86ff-d47d2b323aff"}}, {"pk": 244, "model": "rw.session", "fields": {"project": 1, "stoptime": null, "starttime": "2011-12-14 13:03:22", "device_id": "cd1f0df1-908b-4d5e-b70d-cc98676abc20"}}, {"pk": 245, "model": "rw.session", "fields": {"project": 1, "stoptime": null, "starttime": "2011-12-14 13:18:36", "device_id": "795c8b09-47e4-4285-9a34-8d62935b40be"}}, {"pk": 246, "model": "rw.session", "fields": {"project": 1, "stoptime": null, "starttime": "2011-12-14 13:20:04", "device_id": "795c8b09-47e4-4285-9a34-8d62935b40be"}}, {"pk": 247, "model": "rw.session", "fields": {"project": 1, "stoptime": null, "starttime": "2011-12-14 13:21:01", "device_id": "795c8b09-47e4-4285-9a34-8d62935b40be"}}, {"pk": 248, "model": "rw.session", "fields": {"project": 1, "stoptime": null, "starttime": "2011-12-14 13:25:18", "device_id": "795c8b09-47e4-4285-9a34-8d62935b40be"}}, {"pk": 249, "model": "rw.session", "fields": {"project": 1, "stoptime": null, "starttime": "2011-12-14 13:30:44", "device_id": "795c8b09-47e4-4285-9a34-8d62935b40be"}}, {"pk": 250, "model": "rw.session", "fields": {"project": 1, "stoptime": null, "starttime": "2011-12-14 13:33:39", "device_id": "795c8b09-47e4-4285-9a34-8d62935b40be"}}, {"pk": 251, "model": "rw.session", "fields": {"project": 1, "stoptime": null, "starttime": "2011-12-14 13:34:34", "device_id": "795c8b09-47e4-4285-9a34-8d62935b40be"}}, {"pk": 252, "model": "rw.session", "fields": {"project": 1, "stoptime": null, "starttime": "2011-12-14 13:36:49", "device_id": "795c8b09-47e4-4285-9a34-8d62935b40be"}}, {"pk": 253, "model": "rw.session", "fields": {"project": 1, "stoptime": null, "starttime": "2011-12-14 13:39:15", "device_id": "db444ffd-9dee-4895-a77d-d66fd7ff5b6d"}}, {"pk": 254, "model": "rw.session", "fields": {"project": 1, "stoptime": null, "starttime": "2011-12-14 13:39:52", "device_id": "795c8b09-47e4-4285-9a34-8d62935b40be"}}, {"pk": 255, "model": "rw.session", "fields": {"project": 1, "stoptime": null, "starttime": "2011-12-14 13:42:44", "device_id": "795c8b09-47e4-4285-9a34-8d62935b40be"}}, {"pk": 256, "model": "rw.session", "fields": {"project": 1, "stoptime": null, "starttime": "2011-12-14 13:46:03", "device_id": "c5e26dda-8c2f-419c-a15a-6c3d77d61d08"}}, {"pk": 257, "model": "rw.session", "fields": {"project": 1, "stoptime": null, "starttime": "2011-12-14 13:54:09", "device_id": "934575a0-9d58-4811-a0f8-d2263a1af028"}}, {"pk": 258, "model": "rw.session", "fields": {"project": 1, "stoptime": null, "starttime": "2011-12-14 13:57:56", "device_id": "9fc23431-afe8-4725-8dbe-0be0db2ab19c"}}, {"pk": 259, "model": "rw.session", "fields": {"project": 1, "stoptime": null, "starttime": "2011-12-14 14:21:40", "device_id": "1500317a-a9c2-4f8b-a62f-6a4aa633171a"}}, {"pk": 260, "model": "rw.session", "fields": {"project": 1, "stoptime": null, "starttime": "2011-12-14 14:29:04", "device_id": "(null)"}}, {"pk": 261, "model": "rw.session", "fields": {"project": 1, "stoptime": null, "starttime": "2011-12-14 14:36:49", "device_id": "795c8b09-47e4-4285-9a34-8d62935b40be"}}, {"pk": 262, "model": "rw.session", "fields": {"project": 1, "stoptime": null, "starttime": "2011-12-14 14:45:41", "device_id": "d2627cae-19c0-43e7-9f3c-01819b67956a"}}, {"pk": 263, "model": "rw.session", "fields": {"project": 1, "stoptime": null, "starttime": "2011-12-14 14:46:39", "device_id": "11b68755-1706-47b3-9f99-b8bd4248611e"}}, {"pk": 264, "model": "rw.session", "fields": {"project": 1, "stoptime": null, "starttime": "2011-12-14 14:50:29", "device_id": "e2d51fe6-649b-4e52-b66a-d2b8be632b90"}}, {"pk": 265, "model": "rw.session", "fields": {"project": 1, "stoptime": null, "starttime": "2011-12-14 14:57:12", "device_id": "3ed4ece7-9ed8-4e3d-bd1d-0f7e0a9c3a33"}}, {"pk": 266, "model": "rw.session", "fields": {"project": 1, "stoptime": null, "starttime": "2011-12-14 15:03:17", "device_id": "d15706d0-47d0-4624-8363-580189bd0877"}}, {"pk": 267, "model": "rw.session", "fields": {"project": 1, "stoptime": null, "starttime": "2011-12-14 15:08:27", "device_id": "aa6b00c3-dd82-48be-bfa7-0f59b87ec600"}}, {"pk": 268, "model": "rw.session", "fields": {"project": 1, "stoptime": null, "starttime": "2011-12-14 15:14:49", "device_id": "5dde665c-224b-46d9-a3db-6883056dc826"}}, {"pk": 269, "model": "rw.session", "fields": {"project": 1, "stoptime": null, "starttime": "2011-12-14 15:17:21", "device_id": "6b304403-ce95-4fde-88b4-0aa59eb29930"}}, {"pk": 270, "model": "rw.session", "fields": {"project": 1, "stoptime": null, "starttime": "2011-12-14 15:22:47", "device_id": "2d9c39a4-31ce-4d07-a502-7febfdc41444"}}, {"pk": 271, "model": "rw.session", "fields": {"project": 1, "stoptime": null, "starttime": "2011-12-14 15:24:24", "device_id": "0a5df4cf-50b6-47b5-85a0-4bf1c49acb88"}}, {"pk": 272, "model": "rw.session", "fields": {"project": 1, "stoptime": null, "starttime": "2011-12-14 15:25:16", "device_id": "6b6e23d4-96ff-47ac-b3f0-f2cf29558e66"}}, {"pk": 273, "model": "rw.session", "fields": {"project": 1, "stoptime": null, "starttime": "2011-12-14 15:25:18", "device_id": "11566849-6c38-4f1f-8b13-5af1a9703ecf"}}, {"pk": 274, "model": "rw.session", "fields": {"project": 1, "stoptime": null, "starttime": "2011-12-14 15:26:50", "device_id": "e07764ed-c39d-4eaf-9b4b-a584b77557a8"}}, {"pk": 275, "model": "rw.session", "fields": {"project": 1, "stoptime": null, "starttime": "2011-12-14 15:29:04", "device_id": "c2fd915f-a91f-4a5f-a960-15d860252d76"}}, {"pk": 276, "model": "rw.session", "fields": {"project": 1, "stoptime": null, "starttime": "2011-12-14 15:29:48", "device_id": "0ac0df5e-945b-4db8-882d-d75f3cb5ee6b"}}, {"pk": 277, "model": "rw.session", "fields": {"project": 1, "stoptime": null, "starttime": "2011-12-14 15:31:48", "device_id": "9e60b998-172e-4453-a4fb-114fc9729926"}}, {"pk": 278, "model": "rw.session", "fields": {"project": 1, "stoptime": null, "starttime": "2011-12-14 15:41:00", "device_id": "8232f825-b8fe-486b-bd8d-68066e49868b"}}, {"pk": 279, "model": "rw.session", "fields": {"project": 1, "stoptime": null, "starttime": "2011-12-14 15:47:37", "device_id": "ec794016-b94e-429b-89ba-65afad1a36f4"}}, {"pk": 280, "model": "rw.session", "fields": {"project": 1, "stoptime": null, "starttime": "2011-12-14 15:56:25", "device_id": "0907264f-19e7-4836-bd88-f1133f1ca77f"}}, {"pk": 281, "model": "rw.session", "fields": {"project": 1, "stoptime": null, "starttime": "2011-12-14 16:04:12", "device_id": "6170f88e-9583-461d-90b7-76312915210a"}}, {"pk": 282, "model": "rw.session", "fields": {"project": 1, "stoptime": null, "starttime": "2011-12-14 16:04:25", "device_id": "7d9e9788-874e-4549-a2bf-5ad7730c4d8a"}}, {"pk": 283, "model": "rw.session", "fields": {"project": 1, "stoptime": null, "starttime": "2011-12-14 16:04:38", "device_id": "ba7a0a5a-ff17-4ef8-830d-560b486d560d"}}, {"pk": 284, "model": "rw.session", "fields": {"project": 1, "stoptime": null, "starttime": "2011-12-14 16:07:01", "device_id": "24ae1f9d-d17d-4cfc-8ca4-b485de81e2f9"}}, {"pk": 285, "model": "rw.session", "fields": {"project": 1, "stoptime": null, "starttime": "2011-12-14 16:07:28", "device_id": "932668b3-96fb-4e2c-aa25-41b400532836"}}, {"pk": 286, "model": "rw.session", "fields": {"project": 1, "stoptime": null, "starttime": "2011-12-14 16:09:55", "device_id": "629bbe7b-9bd5-409d-ac56-2acbbb07a792"}}, {"pk": 287, "model": "rw.session", "fields": {"project": 1, "stoptime": null, "starttime": "2011-12-14 16:12:02", "device_id": "f5309ded-cfad-46a5-936c-16ed95fe29b4"}}, {"pk": 288, "model": "rw.session", "fields": {"project": 1, "stoptime": null, "starttime": "2011-12-14 16:13:12", "device_id": "aa2b2f56-dca0-4033-b38d-1ed67091db4d"}}, {"pk": 289, "model": "rw.session", "fields": {"project": 1, "stoptime": null, "starttime": "2011-12-14 16:17:18", "device_id": "22a8e70f-597c-48ab-85a3-919a25b97214"}}, {"pk": 290, "model": "rw.session", "fields": {"project": 1, "stoptime": null, "starttime": "2011-12-14 16:37:06", "device_id": "f5c71fde-c1ae-40cb-b085-783ec4fdc307"}}, {"pk": 291, "model": "rw.session", "fields": {"project": 1, "stoptime": null, "starttime": "2011-12-14 17:01:12", "device_id": "0c95661b-bc33-44b8-8f9c-e87386fafdf2"}}, {"pk": 292, "model": "rw.session", "fields": {"project": 1, "stoptime": null, "starttime": "2011-12-14 17:40:29", "device_id": "(null)"}}, {"pk": 293, "model": "rw.session", "fields": {"project": 1, "stoptime": null, "starttime": "2011-12-14 17:44:49", "device_id": "(null)"}}, {"pk": 294, "model": "rw.session", "fields": {"project": 1, "stoptime": null, "starttime": "2011-12-14 17:46:28", "device_id": "1407405c-b4f8-43c9-9bc6-bc74b59af5f1"}}, {"pk": 295, "model": "rw.session", "fields": {"project": 1, "stoptime": null, "starttime": "2011-12-14 17:49:27", "device_id": "1407405c-b4f8-43c9-9bc6-bc74b59af5f1"}}, {"pk": 296, "model": "rw.session", "fields": {"project": 1, "stoptime": null, "starttime": "2011-12-14 17:51:47", "device_id": "1407405c-b4f8-43c9-9bc6-bc74b59af5f1"}}, {"pk": 297, "model": "rw.session", "fields": {"project": 1, "stoptime": null, "starttime": "2011-12-14 17:53:11", "device_id": "1407405c-b4f8-43c9-9bc6-bc74b59af5f1"}}, {"pk": 298, "model": "rw.session", "fields": {"project": 1, "stoptime": null, "starttime": "2011-12-14 17:57:45", "device_id": "1407405c-b4f8-43c9-9bc6-bc74b59af5f1"}}, {"pk": 299, "model": "rw.session", "fields": {"project": 1, "stoptime": null, "starttime": "2011-12-14 19:22:18", "device_id": "e1d0b25c-6202-45af-9645-cc9280643809"}}, {"pk": 300, "model": "rw.session", "fields": {"project": 1, "stoptime": null, "starttime": "2011-12-14 19:28:25", "device_id": "1407405c-b4f8-43c9-9bc6-bc74b59af5f1"}}, {"pk": 301, "model": "rw.session", "fields": {"project": 1, "stoptime": null, "starttime": "2011-12-14 19:29:01", "device_id": "795c8b09-47e4-4285-9a34-8d62935b40be"}}, {"pk": 302, "model": "rw.session", "fields": {"project": 1, "stoptime": null, "starttime": "2011-12-14 19:35:26", "device_id": "795c8b09-47e4-4285-9a34-8d62935b40be"}}, {"pk": 303, "model": "rw.session", "fields": {"project": 1, "stoptime": null, "starttime": "2011-12-14 19:35:50", "device_id": "795c8b09-47e4-4285-9a34-8d62935b40be"}}, {"pk": 304, "model": "rw.session", "fields": {"project": 1, "stoptime": null, "starttime": "2011-12-14 19:41:47", "device_id": "e1d0b25c-6202-45af-9645-cc9280643809"}}, {"pk": 305, "model": "rw.session", "fields": {"project": 1, "stoptime": null, "starttime": "2011-12-14 19:45:24", "device_id": "1407405c-b4f8-43c9-9bc6-bc74b59af5f1"}}, {"pk": 306, "model": "rw.session", "fields": {"project": 1, "stoptime": null, "starttime": "2011-12-14 19:48:24", "device_id": "6d940101-3d16-4bcb-8c1b-0f4d5d4d743c"}}, {"pk": 307, "model": "rw.session", "fields": {"project": 1, "stoptime": null, "starttime": "2011-12-14 20:01:02", "device_id": "6d940101-3d16-4bcb-8c1b-0f4d5d4d743c"}}, {"pk": 308, "model": "rw.session", "fields": {"project": 1, "stoptime": null, "starttime": "2011-12-14 20:04:46", "device_id": "6d940101-3d16-4bcb-8c1b-0f4d5d4d743c"}}, {"pk": 309, "model": "rw.session", "fields": {"project": 1, "stoptime": null, "starttime": "2011-12-14 20:15:03", "device_id": "6d940101-3d16-4bcb-8c1b-0f4d5d4d743c"}}, {"pk": 310, "model": "rw.session", "fields": {"project": 1, "stoptime": null, "starttime": "2011-12-14 20:17:08", "device_id": "c5f0d714-388b-45fe-b34d-d1523f0bcbb9"}}, {"pk": 311, "model": "rw.session", "fields": {"project": 1, "stoptime": null, "starttime": "2011-12-14 20:21:08", "device_id": "44e8ee44-073a-4cec-839c-dacd9630572a"}}, {"pk": 312, "model": "rw.session", "fields": {"project": 1, "stoptime": null, "starttime": "2011-12-14 20:43:47", "device_id": "e1d0b25c-6202-45af-9645-cc9280643809"}}, {"pk": 313, "model": "rw.session", "fields": {"project": 1, "stoptime": null, "starttime": "2011-12-14 20:43:57", "device_id": "e1d0b25c-6202-45af-9645-cc9280643809"}}, {"pk": 314, "model": "rw.session", "fields": {"project": 1, "stoptime": null, "starttime": "2011-12-14 20:47:45", "device_id": "e1d0b25c-6202-45af-9645-cc9280643809"}}, {"pk": 315, "model": "rw.session", "fields": {"project": 1, "stoptime": null, "starttime": "2011-12-14 20:49:01", "device_id": "e1d0b25c-6202-45af-9645-cc9280643809"}}, {"pk": 316, "model": "rw.session", "fields": {"project": 1, "stoptime": null, "starttime": "2011-12-14 20:49:43", "device_id": "e1d0b25c-6202-45af-9645-cc9280643809"}}, {"pk": 317, "model": "rw.session", "fields": {"project": 1, "stoptime": null, "starttime": "2011-12-14 20:50:24", "device_id": "e1d0b25c-6202-45af-9645-cc9280643809"}}, {"pk": 318, "model": "rw.session", "fields": {"project": 1, "stoptime": null, "starttime": "2011-12-14 20:51:32", "device_id": "4888d604-8304-42e2-bc46-ea0484917a74"}}, {"pk": 319, "model": "rw.session", "fields": {"project": 1, "stoptime": null, "starttime": "2011-12-14 20:52:13", "device_id": "4888d604-8304-42e2-bc46-ea0484917a74"}}, {"pk": 320, "model": "rw.session", "fields": {"project": 1, "stoptime": null, "starttime": "2011-12-14 20:53:11", "device_id": "44e8ee44-073a-4cec-839c-dacd9630572a"}}, {"pk": 321, "model": "rw.session", "fields": {"project": 1, "stoptime": null, "starttime": "2011-12-14 20:53:34", "device_id": "4888d604-8304-42e2-bc46-ea0484917a74"}}, {"pk": 322, "model": "rw.session", "fields": {"project": 1, "stoptime": null, "starttime": "2011-12-14 20:55:16", "device_id": "4888d604-8304-42e2-bc46-ea0484917a74"}}, {"pk": 323, "model": "rw.session", "fields": {"project": 1, "stoptime": null, "starttime": "2011-12-14 20:55:42", "device_id": "44e8ee44-073a-4cec-839c-dacd9630572a"}}, {"pk": 324, "model": "rw.session", "fields": {"project": 1, "stoptime": null, "starttime": "2011-12-14 20:55:53", "device_id": "44e8ee44-073a-4cec-839c-dacd9630572a"}}, {"pk": 325, "model": "rw.session", "fields": {"project": 1, "stoptime": null, "starttime": "2011-12-14 20:56:09", "device_id": "44e8ee44-073a-4cec-839c-dacd9630572a"}}, {"pk": 326, "model": "rw.session", "fields": {"project": 1, "stoptime": null, "starttime": "2011-12-14 20:56:22", "device_id": "44e8ee44-073a-4cec-839c-dacd9630572a"}}, {"pk": 327, "model": "rw.session", "fields": {"project": 1, "stoptime": null, "starttime": "2011-12-14 20:56:35", "device_id": "44e8ee44-073a-4cec-839c-dacd9630572a"}}, {"pk": 328, "model": "rw.session", "fields": {"project": 1, "stoptime": null, "starttime": "2011-12-14 20:56:41", "device_id": "4888d604-8304-42e2-bc46-ea0484917a74"}}, {"pk": 329, "model": "rw.session", "fields": {"project": 1, "stoptime": null, "starttime": "2011-12-14 20:57:46", "device_id": "4888d604-8304-42e2-bc46-ea0484917a74"}}, {"pk": 330, "model": "rw.session", "fields": {"project": 1, "stoptime": null, "starttime": "2011-12-14 21:01:54", "device_id": "4888d604-8304-42e2-bc46-ea0484917a74"}}, {"pk": 331, "model": "rw.session", "fields": {"project": 1, "stoptime": null, "starttime": "2011-12-14 21:03:45", "device_id": "1407405c-b4f8-43c9-9bc6-bc74b59af5f1"}}, {"pk": 332, "model": "rw.session", "fields": {"project": 1, "stoptime": null, "starttime": "2011-12-14 21:06:10", "device_id": "1407405c-b4f8-43c9-9bc6-bc74b59af5f1"}}, {"pk": 333, "model": "rw.session", "fields": {"project": 1, "stoptime": null, "starttime": "2011-12-14 21:10:43", "device_id": "(null)"}}, {"pk": 334, "model": "rw.session", "fields": {"project": 1, "stoptime": null, "starttime": "2011-12-14 21:13:55", "device_id": "67c2b4d6-16bf-472f-a70f-3f3ce1d4658d"}}, {"pk": 335, "model": "rw.session", "fields": {"project": 1, "stoptime": null, "starttime": "2011-12-14 21:19:59", "device_id": "67c2b4d6-16bf-472f-a70f-3f3ce1d4658d"}}, {"pk": 336, "model": "rw.session", "fields": {"project": 1, "stoptime": null, "starttime": "2011-12-14 21:20:50", "device_id": "1407405c-b4f8-43c9-9bc6-bc74b59af5f1"}}, {"pk": 337, "model": "rw.session", "fields": {"project": 1, "stoptime": null, "starttime": "2011-12-14 21:22:29", "device_id": "1407405c-b4f8-43c9-9bc6-bc74b59af5f1"}}, {"pk": 338, "model": "rw.session", "fields": {"project": 1, "stoptime": null, "starttime": "2011-12-14 21:23:13", "device_id": "1407405c-b4f8-43c9-9bc6-bc74b59af5f1"}}, {"pk": 339, "model": "rw.session", "fields": {"project": 1, "stoptime": null, "starttime": "2011-12-14 21:25:03", "device_id": "1407405c-b4f8-43c9-9bc6-bc74b59af5f1"}}, {"pk": 340, "model": "rw.session", "fields": {"project": 1, "stoptime": null, "starttime": "2011-12-14 21:28:22", "device_id": "1407405c-b4f8-43c9-9bc6-bc74b59af5f1"}}, {"pk": 341, "model": "rw.session", "fields": {"project": 1, "stoptime": null, "starttime": "2011-12-14 21:29:00", "device_id": "1407405c-b4f8-43c9-9bc6-bc74b59af5f1"}}, {"pk": 342, "model": "rw.session", "fields": {"project": 1, "stoptime": null, "starttime": "2011-12-14 21:29:36", "device_id": "1407405c-b4f8-43c9-9bc6-bc74b59af5f1"}}, {"pk": 343, "model": "rw.session", "fields": {"project": 1, "stoptime": null, "starttime": "2011-12-14 21:30:15", "device_id": "1407405c-b4f8-43c9-9bc6-bc74b59af5f1"}}, {"pk": 344, "model": "rw.session", "fields": {"project": 1, "stoptime": null, "starttime": "2011-12-14 21:30:39", "device_id": "1407405c-b4f8-43c9-9bc6-bc74b59af5f1"}}, {"pk": 345, "model": "rw.session", "fields": {"project": 1, "stoptime": null, "starttime": "2011-12-14 21:30:52", "device_id": "1407405c-b4f8-43c9-9bc6-bc74b59af5f1"}}, {"pk": 346, "model": "rw.session", "fields": {"project": 1, "stoptime": null, "starttime": "2011-12-14 21:31:04", "device_id": "1407405c-b4f8-43c9-9bc6-bc74b59af5f1"}}, {"pk": 347, "model": "rw.session", "fields": {"project": 1, "stoptime": null, "starttime": "2011-12-14 21:32:52", "device_id": "1407405c-b4f8-43c9-9bc6-bc74b59af5f1"}}, {"pk": 348, "model": "rw.session", "fields": {"project": 1, "stoptime": null, "starttime": "2011-12-14 21:40:03", "device_id": "0a80135b-bd4c-4a9e-b1ab-a528d2ddc6be"}}, {"pk": 349, "model": "rw.session", "fields": {"project": 1, "stoptime": null, "starttime": "2011-12-14 21:44:40", "device_id": "0a80135b-bd4c-4a9e-b1ab-a528d2ddc6be"}}, {"pk": 350, "model": "rw.session", "fields": {"project": 1, "stoptime": null, "starttime": "2011-12-14 21:46:43", "device_id": "0a80135b-bd4c-4a9e-b1ab-a528d2ddc6be"}}, {"pk": 351, "model": "rw.session", "fields": {"project": 1, "stoptime": null, "starttime": "2011-12-14 22:25:57", "device_id": "1407405c-b4f8-43c9-9bc6-bc74b59af5f1"}}, {"pk": 352, "model": "rw.session", "fields": {"project": 1, "stoptime": null, "starttime": "2011-12-14 22:26:10", "device_id": "1407405c-b4f8-43c9-9bc6-bc74b59af5f1"}}, {"pk": 353, "model": "rw.session", "fields": {"project": 1, "stoptime": null, "starttime": "2011-12-14 22:27:08", "device_id": "1407405c-b4f8-43c9-9bc6-bc74b59af5f1"}}, {"pk": 354, "model": "rw.session", "fields": {"project": 1, "stoptime": null, "starttime": "2011-12-14 22:27:19", "device_id": "1407405c-b4f8-43c9-9bc6-bc74b59af5f1"}}, {"pk": 355, "model": "rw.session", "fields": {"project": 1, "stoptime": null, "starttime": "2011-12-14 22:27:30", "device_id": "1407405c-b4f8-43c9-9bc6-bc74b59af5f1"}}, {"pk": 356, "model": "rw.session", "fields": {"project": 1, "stoptime": null, "starttime": "2011-12-14 22:27:39", "device_id": "1407405c-b4f8-43c9-9bc6-bc74b59af5f1"}}, {"pk": 357, "model": "rw.session", "fields": {"project": 1, "stoptime": null, "starttime": "2011-12-14 22:28:20", "device_id": "1407405c-b4f8-43c9-9bc6-bc74b59af5f1"}}, {"pk": 358, "model": "rw.session", "fields": {"project": 1, "stoptime": null, "starttime": "2011-12-14 22:28:37", "device_id": "1407405c-b4f8-43c9-9bc6-bc74b59af5f1"}}, {"pk": 359, "model": "rw.session", "fields": {"project": 1, "stoptime": null, "starttime": "2011-12-14 22:29:05", "device_id": "1407405c-b4f8-43c9-9bc6-bc74b59af5f1"}}, {"pk": 360, "model": "rw.session", "fields": {"project": 1, "stoptime": null, "starttime": "2011-12-14 22:29:41", "device_id": "1407405c-b4f8-43c9-9bc6-bc74b59af5f1"}}, {"pk": 361, "model": "rw.session", "fields": {"project": 1, "stoptime": null, "starttime": "2011-12-14 22:31:43", "device_id": "1407405c-b4f8-43c9-9bc6-bc74b59af5f1"}}, {"pk": 362, "model": "rw.session", "fields": {"project": 1, "stoptime": null, "starttime": "2011-12-14 22:32:22", "device_id": "1407405c-b4f8-43c9-9bc6-bc74b59af5f1"}}, {"pk": 363, "model": "rw.session", "fields": {"project": 1, "stoptime": null, "starttime": "2011-12-14 22:32:37", "device_id": "1407405c-b4f8-43c9-9bc6-bc74b59af5f1"}}, {"pk": 364, "model": "rw.session", "fields": {"project": 1, "stoptime": null, "starttime": "2011-12-14 22:32:48", "device_id": "1407405c-b4f8-43c9-9bc6-bc74b59af5f1"}}, {"pk": 365, "model": "rw.session", "fields": {"project": 1, "stoptime": null, "starttime": "2011-12-14 22:32:59", "device_id": "1407405c-b4f8-43c9-9bc6-bc74b59af5f1"}}, {"pk": 366, "model": "rw.session", "fields": {"project": 1, "stoptime": null, "starttime": "2011-12-14 22:33:09", "device_id": "1407405c-b4f8-43c9-9bc6-bc74b59af5f1"}}, {"pk": 367, "model": "rw.session", "fields": {"project": 1, "stoptime": null, "starttime": "2011-12-14 22:33:19", "device_id": "1407405c-b4f8-43c9-9bc6-bc74b59af5f1"}}, {"pk": 368, "model": "rw.session", "fields": {"project": 1, "stoptime": null, "starttime": "2011-12-14 22:33:30", "device_id": "1407405c-b4f8-43c9-9bc6-bc74b59af5f1"}}, {"pk": 369, "model": "rw.session", "fields": {"project": 1, "stoptime": null, "starttime": "2011-12-14 22:33:41", "device_id": "1407405c-b4f8-43c9-9bc6-bc74b59af5f1"}}, {"pk": 370, "model": "rw.session", "fields": {"project": 1, "stoptime": null, "starttime": "2011-12-14 22:34:24", "device_id": "1407405c-b4f8-43c9-9bc6-bc74b59af5f1"}}, {"pk": 371, "model": "rw.session", "fields": {"project": 1, "stoptime": null, "starttime": "2011-12-14 22:36:34", "device_id": "1407405c-b4f8-43c9-9bc6-bc74b59af5f1"}}, {"pk": 372, "model": "rw.session", "fields": {"project": 1, "stoptime": null, "starttime": "2011-12-14 22:37:08", "device_id": "1407405c-b4f8-43c9-9bc6-bc74b59af5f1"}}, {"pk": 373, "model": "rw.session", "fields": {"project": 1, "stoptime": null, "starttime": "2011-12-14 22:37:27", "device_id": "1407405c-b4f8-43c9-9bc6-bc74b59af5f1"}}, {"pk": 374, "model": "rw.session", "fields": {"project": 1, "stoptime": null, "starttime": "2011-12-14 22:38:58", "device_id": "1407405c-b4f8-43c9-9bc6-bc74b59af5f1"}}, {"pk": 375, "model": "rw.session", "fields": {"project": 1, "stoptime": null, "starttime": "2011-12-14 22:39:47", "device_id": "1407405c-b4f8-43c9-9bc6-bc74b59af5f1"}}, {"pk": 376, "model": "rw.session", "fields": {"project": 1, "stoptime": null, "starttime": "2011-12-14 22:39:56", "device_id": "1407405c-b4f8-43c9-9bc6-bc74b59af5f1"}}, {"pk": 377, "model": "rw.session", "fields": {"project": 1, "stoptime": null, "starttime": "2011-12-14 22:40:05", "device_id": "1407405c-b4f8-43c9-9bc6-bc74b59af5f1"}}, {"pk": 378, "model": "rw.session", "fields": {"project": 1, "stoptime": null, "starttime": "2011-12-14 22:40:40", "device_id": "1407405c-b4f8-43c9-9bc6-bc74b59af5f1"}}, {"pk": 379, "model": "rw.session", "fields": {"project": 1, "stoptime": null, "starttime": "2011-12-14 22:40:50", "device_id": "1407405c-b4f8-43c9-9bc6-bc74b59af5f1"}}, {"pk": 380, "model": "rw.session", "fields": {"project": 1, "stoptime": null, "starttime": "2011-12-14 22:40:59", "device_id": "1407405c-b4f8-43c9-9bc6-bc74b59af5f1"}}, {"pk": 381, "model": "rw.session", "fields": {"project": 1, "stoptime": null, "starttime": "2011-12-14 22:41:09", "device_id": "1407405c-b4f8-43c9-9bc6-bc74b59af5f1"}}, {"pk": 382, "model": "rw.session", "fields": {"project": 1, "stoptime": null, "starttime": "2011-12-14 22:41:44", "device_id": "1407405c-b4f8-43c9-9bc6-bc74b59af5f1"}}, {"pk": 383, "model": "rw.session", "fields": {"project": 1, "stoptime": null, "starttime": "2011-12-14 22:42:11", "device_id": "1407405c-b4f8-43c9-9bc6-bc74b59af5f1"}}, {"pk": 384, "model": "rw.session", "fields": {"project": 1, "stoptime": null, "starttime": "2011-12-14 22:42:44", "device_id": "1407405c-b4f8-43c9-9bc6-bc74b59af5f1"}}, {"pk": 385, "model": "rw.session", "fields": {"project": 1, "stoptime": null, "starttime": "2011-12-14 22:47:25", "device_id": "1407405c-b4f8-43c9-9bc6-bc74b59af5f1"}}, {"pk": 386, "model": "rw.session", "fields": {"project": 1, "stoptime": null, "starttime": "2011-12-14 22:47:41", "device_id": "1407405c-b4f8-43c9-9bc6-bc74b59af5f1"}}, {"pk": 387, "model": "rw.session", "fields": {"project": 1, "stoptime": null, "starttime": "2011-12-14 22:47:59", "device_id": "1407405c-b4f8-43c9-9bc6-bc74b59af5f1"}}, {"pk": 388, "model": "rw.session", "fields": {"project": 1, "stoptime": null, "starttime": "2011-12-14 22:48:07", "device_id": "1407405c-b4f8-43c9-9bc6-bc74b59af5f1"}}, {"pk": 389, "model": "rw.session", "fields": {"project": 1, "stoptime": null, "starttime": "2011-12-14 22:48:16", "device_id": "1407405c-b4f8-43c9-9bc6-bc74b59af5f1"}}, {"pk": 390, "model": "rw.session", "fields": {"project": 1, "stoptime": null, "starttime": "2011-12-14 22:48:51", "device_id": "1407405c-b4f8-43c9-9bc6-bc74b59af5f1"}}, {"pk": 391, "model": "rw.session", "fields": {"project": 1, "stoptime": null, "starttime": "2011-12-14 22:48:59", "device_id": "1407405c-b4f8-43c9-9bc6-bc74b59af5f1"}}, {"pk": 392, "model": "rw.session", "fields": {"project": 1, "stoptime": null, "starttime": "2011-12-14 22:49:07", "device_id": "1407405c-b4f8-43c9-9bc6-bc74b59af5f1"}}, {"pk": 393, "model": "rw.session", "fields": {"project": 1, "stoptime": null, "starttime": "2011-12-14 22:49:14", "device_id": "1407405c-b4f8-43c9-9bc6-bc74b59af5f1"}}, {"pk": 394, "model": "rw.session", "fields": {"project": 1, "stoptime": null, "starttime": "2011-12-14 22:49:22", "device_id": "1407405c-b4f8-43c9-9bc6-bc74b59af5f1"}}, {"pk": 395, "model": "rw.session", "fields": {"project": 1, "stoptime": null, "starttime": "2011-12-14 22:49:46", "device_id": "1407405c-b4f8-43c9-9bc6-bc74b59af5f1"}}, {"pk": 396, "model": "rw.session", "fields": {"project": 1, "stoptime": null, "starttime": "2011-12-14 22:50:23", "device_id": "1407405c-b4f8-43c9-9bc6-bc74b59af5f1"}}, {"pk": 397, "model": "rw.session", "fields": {"project": 1, "stoptime": null, "starttime": "2011-12-14 22:51:00", "device_id": "1407405c-b4f8-43c9-9bc6-bc74b59af5f1"}}, {"pk": 398, "model": "rw.session", "fields": {"project": 1, "stoptime": null, "starttime": "2011-12-14 22:51:08", "device_id": "1407405c-b4f8-43c9-9bc6-bc74b59af5f1"}}, {"pk": 399, "model": "rw.session", "fields": {"project": 1, "stoptime": null, "starttime": "2011-12-14 22:51:50", "device_id": "1407405c-b4f8-43c9-9bc6-bc74b59af5f1"}}, {"pk": 400, "model": "rw.session", "fields": {"project": 1, "stoptime": null, "starttime": "2011-12-14 22:52:25", "device_id": "1407405c-b4f8-43c9-9bc6-bc74b59af5f1"}}, {"pk": 401, "model": "rw.session", "fields": {"project": 1, "stoptime": null, "starttime": "2011-12-14 22:53:28", "device_id": "1407405c-b4f8-43c9-9bc6-bc74b59af5f1"}}, {"pk": 402, "model": "rw.session", "fields": {"project": 1, "stoptime": null, "starttime": "2011-12-14 22:53:57", "device_id": "1407405c-b4f8-43c9-9bc6-bc74b59af5f1"}}, {"pk": 403, "model": "rw.session", "fields": {"project": 1, "stoptime": null, "starttime": "2011-12-14 22:54:45", "device_id": "1407405c-b4f8-43c9-9bc6-bc74b59af5f1"}}, {"pk": 404, "model": "rw.session", "fields": {"project": 1, "stoptime": null, "starttime": "2011-12-14 22:54:53", "device_id": "1407405c-b4f8-43c9-9bc6-bc74b59af5f1"}}, {"pk": 405, "model": "rw.session", "fields": {"project": 1, "stoptime": null, "starttime": "2011-12-15 00:31:46", "device_id": "bdbb8445-d793-4ba2-a383-1523fe3f397b"}}, {"pk": 406, "model": "rw.session", "fields": {"project": 1, "stoptime": null, "starttime": "2011-12-15 07:30:58", "device_id": "1407405c-b4f8-43c9-9bc6-bc74b59af5f1"}}, {"pk": 407, "model": "rw.session", "fields": {"project": 1, "stoptime": null, "starttime": "2011-12-15 07:31:37", "device_id": "1407405c-b4f8-43c9-9bc6-bc74b59af5f1"}}, {"pk": 408, "model": "rw.session", "fields": {"project": 1, "stoptime": null, "starttime": "2011-12-15 07:33:42", "device_id": "1407405c-b4f8-43c9-9bc6-bc74b59af5f1"}}, {"pk": 409, "model": "rw.session", "fields": {"project": 1, "stoptime": null, "starttime": "2011-12-15 07:39:49", "device_id": "1407405c-b4f8-43c9-9bc6-bc74b59af5f1"}}, {"pk": 410, "model": "rw.session", "fields": {"project": 1, "stoptime": null, "starttime": "2011-12-15 07:40:28", "device_id": "1407405c-b4f8-43c9-9bc6-bc74b59af5f1"}}, {"pk": 411, "model": "rw.session", "fields": {"project": 1, "stoptime": null, "starttime": "2011-12-15 07:40:59", "device_id": "1407405c-b4f8-43c9-9bc6-bc74b59af5f1"}}, {"pk": 412, "model": "rw.session", "fields": {"project": 1, "stoptime": null, "starttime": "2011-12-15 07:41:28", "device_id": "1407405c-b4f8-43c9-9bc6-bc74b59af5f1"}}, {"pk": 413, "model": "rw.session", "fields": {"project": 1, "stoptime": null, "starttime": "2011-12-15 07:41:56", "device_id": "1407405c-b4f8-43c9-9bc6-bc74b59af5f1"}}, {"pk": 414, "model": "rw.session", "fields": {"project": 1, "stoptime": null, "starttime": "2011-12-15 10:15:45", "device_id": "1407405c-b4f8-43c9-9bc6-bc74b59af5f1"}}, {"pk": 415, "model": "rw.session", "fields": {"project": 1, "stoptime": null, "starttime": "2011-12-15 10:22:57", "device_id": "1407405c-b4f8-43c9-9bc6-bc74b59af5f1"}}, {"pk": 416, "model": "rw.session", "fields": {"project": 1, "stoptime": null, "starttime": "2011-12-15 10:23:33", "device_id": "1407405c-b4f8-43c9-9bc6-bc74b59af5f1"}}, {"pk": 417, "model": "rw.session", "fields": {"project": 1, "stoptime": null, "starttime": "2011-12-15 10:26:21", "device_id": "1407405c-b4f8-43c9-9bc6-bc74b59af5f1"}}, {"pk": 418, "model": "rw.session", "fields": {"project": 1, "stoptime": null, "starttime": "2011-12-15 10:26:57", "device_id": "1407405c-b4f8-43c9-9bc6-bc74b59af5f1"}}, {"pk": 419, "model": "rw.session", "fields": {"project": 1, "stoptime": null, "starttime": "2011-12-15 11:01:09", "device_id": "1407405c-b4f8-43c9-9bc6-bc74b59af5f1"}}, {"pk": 420, "model": "rw.session", "fields": {"project": 1, "stoptime": null, "starttime": "2011-12-15 11:02:22", "device_id": "68033ada-fc75-4fed-b6db-c7b098819a42"}}, {"pk": 421, "model": "rw.session", "fields": {"project": 1, "stoptime": null, "starttime": "2011-12-15 11:04:06", "device_id": "1407405c-b4f8-43c9-9bc6-bc74b59af5f1"}}, {"pk": 422, "model": "rw.session", "fields": {"project": 1, "stoptime": null, "starttime": "2011-12-15 11:04:39", "device_id": "1407405c-b4f8-43c9-9bc6-bc74b59af5f1"}}, {"pk": 423, "model": "rw.session", "fields": {"project": 1, "stoptime": null, "starttime": "2011-12-15 11:05:20", "device_id": "1407405c-b4f8-43c9-9bc6-bc74b59af5f1"}}, {"pk": 424, "model": "rw.session", "fields": {"project": 1, "stoptime": null, "starttime": "2011-12-15 11:05:59", "device_id": "1407405c-b4f8-43c9-9bc6-bc74b59af5f1"}}, {"pk": 425, "model": "rw.session", "fields": {"project": 1, "stoptime": null, "starttime": "2011-12-15 11:06:39", "device_id": "1407405c-b4f8-43c9-9bc6-bc74b59af5f1"}}, {"pk": 426, "model": "rw.session", "fields": {"project": 1, "stoptime": null, "starttime": "2011-12-15 11:07:14", "device_id": "1407405c-b4f8-43c9-9bc6-bc74b59af5f1"}}, {"pk": 427, "model": "rw.session", "fields": {"project": 1, "stoptime": null, "starttime": "2011-12-15 11:07:45", "device_id": "1407405c-b4f8-43c9-9bc6-bc74b59af5f1"}}, {"pk": 428, "model": "rw.session", "fields": {"project": 1, "stoptime": null, "starttime": "2011-12-15 11:40:22", "device_id": "67c2b4d6-16bf-472f-a70f-3f3ce1d4658d"}}, {"pk": 429, "model": "rw.session", "fields": {"project": 1, "stoptime": null, "starttime": "2011-12-15 11:42:52", "device_id": "1407405c-b4f8-43c9-9bc6-bc74b59af5f1"}}, {"pk": 430, "model": "rw.session", "fields": {"project": 1, "stoptime": null, "starttime": "2011-12-15 11:43:40", "device_id": "1407405c-b4f8-43c9-9bc6-bc74b59af5f1"}}, {"pk": 431, "model": "rw.session", "fields": {"project": 1, "stoptime": null, "starttime": "2011-12-15 11:48:07", "device_id": "b0ced1f3-b5f0-4fa0-a120-41728b966a0d"}}, {"pk": 432, "model": "rw.session", "fields": {"project": 1, "stoptime": null, "starttime": "2011-12-15 11:52:12", "device_id": "1407405c-b4f8-43c9-9bc6-bc74b59af5f1"}}, {"pk": 433, "model": "rw.session", "fields": {"project": 1, "stoptime": null, "starttime": "2011-12-15 11:59:12", "device_id": "1407405c-b4f8-43c9-9bc6-bc74b59af5f1"}}, {"pk": 434, "model": "rw.session", "fields": {"project": 1, "stoptime": null, "starttime": "2011-12-15 12:00:33", "device_id": "8e5e56d8-8cae-453e-89a7-6cde7dc78a73"}}, {"pk": 435, "model": "rw.session", "fields": {"project": 1, "stoptime": null, "starttime": "2011-12-15 12:01:00", "device_id": "8e5e56d8-8cae-453e-89a7-6cde7dc78a73"}}, {"pk": 436, "model": "rw.session", "fields": {"project": 1, "stoptime": null, "starttime": "2011-12-15 12:05:06", "device_id": "67c2b4d6-16bf-472f-a70f-3f3ce1d4658d"}}, {"pk": 437, "model": "rw.session", "fields": {"project": 1, "stoptime": null, "starttime": "2011-12-15 12:17:46", "device_id": "8e5e56d8-8cae-453e-89a7-6cde7dc78a73"}}, {"pk": 438, "model": "rw.session", "fields": {"project": 1, "stoptime": null, "starttime": "2011-12-15 12:45:39", "device_id": "8e5e56d8-8cae-453e-89a7-6cde7dc78a73"}}, {"pk": 439, "model": "rw.session", "fields": {"project": 1, "stoptime": null, "starttime": "2011-12-15 15:07:23", "device_id": "84dd2601-e0a3-4ad0-8e73-00efb6774315"}}, {"pk": 440, "model": "rw.session", "fields": {"project": 1, "stoptime": null, "starttime": "2011-12-15 17:42:32", "device_id": "8e5e56d8-8cae-453e-89a7-6cde7dc78a73"}}, {"pk": 441, "model": "rw.session", "fields": {"project": 1, "stoptime": null, "starttime": "2011-12-15 21:27:18", "device_id": "8e5e56d8-8cae-453e-89a7-6cde7dc78a73"}}, {"pk": 442, "model": "rw.session", "fields": {"project": 1, "stoptime": null, "starttime": "2011-12-16 09:06:39", "device_id": "746b62ea-8411-4c29-bf4d-785fe67ad0e4"}}, {"pk": 443, "model": "rw.session", "fields": {"project": 1, "stoptime": null, "starttime": "2011-12-16 15:04:41", "device_id": "fe4203c9-ab13-4eee-a0a5-6a6a7972c010"}}, {"pk": 444, "model": "rw.session", "fields": {"project": 1, "stoptime": null, "starttime": "2011-12-16 15:05:19", "device_id": "8e842604-3949-4153-ace6-036869e3e9cd"}}, {"pk": 445, "model": "rw.session", "fields": {"project": 1, "stoptime": null, "starttime": "2011-12-16 15:06:01", "device_id": "2d7e0858-d49e-40fd-a404-328a7d79b9c5"}}, {"pk": 446, "model": "rw.session", "fields": {"project": 1, "stoptime": null, "starttime": "2011-12-16 15:47:58", "device_id": "35d08761-db5d-4458-8031-2cfdbfa9e1a7"}}, {"pk": 447, "model": "rw.session", "fields": {"project": 1, "stoptime": null, "starttime": "2011-12-16 21:37:08", "device_id": "8e5e56d8-8cae-453e-89a7-6cde7dc78a73"}}, {"pk": 448, "model": "rw.session", "fields": {"project": 1, "stoptime": null, "starttime": "2011-12-17 18:55:39", "device_id": "44e8ee44-073a-4cec-839c-dacd9630572a"}}, {"pk": 449, "model": "rw.session", "fields": {"project": 1, "stoptime": null, "starttime": "2011-12-18 08:54:28", "device_id": "44e8ee44-073a-4cec-839c-dacd9630572a"}}, {"pk": 450, "model": "rw.session", "fields": {"project": 1, "stoptime": null, "starttime": "2011-12-18 08:55:21", "device_id": "44e8ee44-073a-4cec-839c-dacd9630572a"}}, {"pk": 451, "model": "rw.session", "fields": {"project": 1, "stoptime": null, "starttime": "2011-12-18 09:02:09", "device_id": "44e8ee44-073a-4cec-839c-dacd9630572a"}}, {"pk": 452, "model": "rw.session", "fields": {"project": 1, "stoptime": null, "starttime": "2011-12-18 09:32:22", "device_id": "44e8ee44-073a-4cec-839c-dacd9630572a"}}, {"pk": 453, "model": "rw.session", "fields": {"project": 1, "stoptime": null, "starttime": "2011-12-18 11:08:02", "device_id": "44e8ee44-073a-4cec-839c-dacd9630572a"}}, {"pk": 454, "model": "rw.session", "fields": {"project": 1, "stoptime": null, "starttime": "2011-12-18 11:08:17", "device_id": "44e8ee44-073a-4cec-839c-dacd9630572a"}}, {"pk": 455, "model": "rw.session", "fields": {"project": 1, "stoptime": null, "starttime": "2011-12-18 11:14:25", "device_id": "44e8ee44-073a-4cec-839c-dacd9630572a"}}, {"pk": 456, "model": "rw.session", "fields": {"project": 1, "stoptime": null, "starttime": "2011-12-18 11:14:40", "device_id": "44e8ee44-073a-4cec-839c-dacd9630572a"}}, {"pk": 457, "model": "rw.session", "fields": {"project": 1, "stoptime": null, "starttime": "2011-12-18 11:20:43", "device_id": "44e8ee44-073a-4cec-839c-dacd9630572a"}}, {"pk": 458, "model": "rw.session", "fields": {"project": 1, "stoptime": null, "starttime": "2011-12-18 11:23:26", "device_id": "44e8ee44-073a-4cec-839c-dacd9630572a"}}, {"pk": 459, "model": "rw.session", "fields": {"project": 1, "stoptime": null, "starttime": "2011-12-18 11:28:09", "device_id": "44e8ee44-073a-4cec-839c-dacd9630572a"}}, {"pk": 460, "model": "rw.session", "fields": {"project": 1, "stoptime": null, "starttime": "2011-12-18 11:30:44", "device_id": "44e8ee44-073a-4cec-839c-dacd9630572a"}}, {"pk": 461, "model": "rw.session", "fields": {"project": 1, "stoptime": null, "starttime": "2011-12-18 11:32:03", "device_id": "44e8ee44-073a-4cec-839c-dacd9630572a"}}, {"pk": 462, "model": "rw.session", "fields": {"project": 1, "stoptime": null, "starttime": "2011-12-18 11:32:25", "device_id": "44e8ee44-073a-4cec-839c-dacd9630572a"}}, {"pk": 463, "model": "rw.session", "fields": {"project": 1, "stoptime": null, "starttime": "2011-12-18 11:32:29", "device_id": "44e8ee44-073a-4cec-839c-dacd9630572a"}}, {"pk": 464, "model": "rw.session", "fields": {"project": 1, "stoptime": null, "starttime": "2011-12-18 11:32:32", "device_id": "44e8ee44-073a-4cec-839c-dacd9630572a"}}, {"pk": 465, "model": "rw.session", "fields": {"project": 1, "stoptime": null, "starttime": "2011-12-18 11:32:36", "device_id": "44e8ee44-073a-4cec-839c-dacd9630572a"}}, {"pk": 466, "model": "rw.session", "fields": {"project": 1, "stoptime": null, "starttime": "2011-12-18 11:32:46", "device_id": "44e8ee44-073a-4cec-839c-dacd9630572a"}}, {"pk": 467, "model": "rw.session", "fields": {"project": 1, "stoptime": null, "starttime": "2011-12-18 11:32:55", "device_id": "44e8ee44-073a-4cec-839c-dacd9630572a"}}, {"pk": 468, "model": "rw.session", "fields": {"project": 1, "stoptime": null, "starttime": "2011-12-18 11:33:32", "device_id": "44e8ee44-073a-4cec-839c-dacd9630572a"}}, {"pk": 469, "model": "rw.session", "fields": {"project": 1, "stoptime": null, "starttime": "2011-12-18 11:40:14", "device_id": "44e8ee44-073a-4cec-839c-dacd9630572a"}}, {"pk": 470, "model": "rw.session", "fields": {"project": 1, "stoptime": null, "starttime": "2011-12-18 11:55:44", "device_id": "44e8ee44-073a-4cec-839c-dacd9630572a"}}, {"pk": 471, "model": "rw.session", "fields": {"project": 1, "stoptime": null, "starttime": "2011-12-18 11:56:24", "device_id": "44e8ee44-073a-4cec-839c-dacd9630572a"}}, {"pk": 472, "model": "rw.session", "fields": {"project": 1, "stoptime": null, "starttime": "2011-12-18 12:08:36", "device_id": "44e8ee44-073a-4cec-839c-dacd9630572a"}}, {"pk": 473, "model": "rw.session", "fields": {"project": 1, "stoptime": null, "starttime": "2011-12-18 12:13:45", "device_id": "44e8ee44-073a-4cec-839c-dacd9630572a"}}, {"pk": 474, "model": "rw.session", "fields": {"project": 1, "stoptime": null, "starttime": "2011-12-18 12:14:32", "device_id": "44e8ee44-073a-4cec-839c-dacd9630572a"}}, {"pk": 475, "model": "rw.session", "fields": {"project": 1, "stoptime": null, "starttime": "2011-12-18 12:15:28", "device_id": "44e8ee44-073a-4cec-839c-dacd9630572a"}}, {"pk": 476, "model": "rw.session", "fields": {"project": 1, "stoptime": null, "starttime": "2011-12-18 12:17:04", "device_id": "44e8ee44-073a-4cec-839c-dacd9630572a"}}, {"pk": 477, "model": "rw.session", "fields": {"project": 1, "stoptime": null, "starttime": "2011-12-18 12:18:20", "device_id": "44e8ee44-073a-4cec-839c-dacd9630572a"}}, {"pk": 478, "model": "rw.session", "fields": {"project": 1, "stoptime": null, "starttime": "2011-12-18 12:18:58", "device_id": "44e8ee44-073a-4cec-839c-dacd9630572a"}}, {"pk": 479, "model": "rw.session", "fields": {"project": 1, "stoptime": null, "starttime": "2011-12-18 12:37:50", "device_id": "44e8ee44-073a-4cec-839c-dacd9630572a"}}, {"pk": 480, "model": "rw.session", "fields": {"project": 1, "stoptime": null, "starttime": "2011-12-18 12:39:12", "device_id": "44e8ee44-073a-4cec-839c-dacd9630572a"}}, {"pk": 481, "model": "rw.session", "fields": {"project": 1, "stoptime": null, "starttime": "2011-12-18 12:39:58", "device_id": "44e8ee44-073a-4cec-839c-dacd9630572a"}}, {"pk": 482, "model": "rw.session", "fields": {"project": 1, "stoptime": null, "starttime": "2011-12-18 14:44:36", "device_id": "85c8797a-100e-4efe-b9fd-cfda6e081715"}}, {"pk": 483, "model": "rw.session", "fields": {"project": 1, "stoptime": null, "starttime": "2011-12-18 14:47:41", "device_id": "666290dc-27ba-47a3-8adc-d8c92c09dde5"}}, {"pk": 484, "model": "rw.session", "fields": {"project": 1, "stoptime": null, "starttime": "2011-12-19 09:25:29", "device_id": "4aef4243-da27-4852-9bae-f2e05a6f4012"}}, {"pk": 485, "model": "rw.session", "fields": {"project": 1, "stoptime": null, "starttime": "2011-12-19 09:25:32", "device_id": "0eb19f2c-0e6f-4d54-a3ad-501ed2210cda"}}, {"pk": 486, "model": "rw.session", "fields": {"project": 1, "stoptime": null, "starttime": "2011-12-19 09:37:17", "device_id": "7b8d1c58-2420-4b3f-b736-83f48c237777"}}, {"pk": 487, "model": "rw.session", "fields": {"project": 1, "stoptime": null, "starttime": "2011-12-20 10:29:03", "device_id": "44e8ee44-073a-4cec-839c-dacd9630572a"}}, {"pk": 488, "model": "rw.session", "fields": {"project": 1, "stoptime": null, "starttime": "2011-12-20 10:39:58", "device_id": "44e8ee44-073a-4cec-839c-dacd9630572a"}}, {"pk": 489, "model": "rw.session", "fields": {"project": 1, "stoptime": null, "starttime": "2011-12-20 10:40:45", "device_id": "44e8ee44-073a-4cec-839c-dacd9630572a"}}, {"pk": 490, "model": "rw.session", "fields": {"project": 1, "stoptime": null, "starttime": "2011-12-20 10:41:33", "device_id": "44e8ee44-073a-4cec-839c-dacd9630572a"}}, {"pk": 491, "model": "rw.session", "fields": {"project": 1, "stoptime": null, "starttime": "2011-12-20 10:48:50", "device_id": "44e8ee44-073a-4cec-839c-dacd9630572a"}}, {"pk": 492, "model": "rw.session", "fields": {"project": 1, "stoptime": null, "starttime": "2011-12-20 10:51:06", "device_id": "44e8ee44-073a-4cec-839c-dacd9630572a"}}, {"pk": 493, "model": "rw.session", "fields": {"project": 1, "stoptime": null, "starttime": "2011-12-20 10:56:13", "device_id": "44e8ee44-073a-4cec-839c-dacd9630572a"}}, {"pk": 494, "model": "rw.session", "fields": {"project": 1, "stoptime": null, "starttime": "2011-12-20 11:05:25", "device_id": "44e8ee44-073a-4cec-839c-dacd9630572a"}}, {"pk": 495, "model": "rw.session", "fields": {"project": 1, "stoptime": null, "starttime": "2011-12-20 11:12:53", "device_id": "44e8ee44-073a-4cec-839c-dacd9630572a"}}, {"pk": 496, "model": "rw.session", "fields": {"project": 1, "stoptime": null, "starttime": "2011-12-20 11:23:10", "device_id": "8e5e56d8-8cae-453e-89a7-6cde7dc78a73"}}, {"pk": 497, "model": "rw.session", "fields": {"project": 1, "stoptime": null, "starttime": "2011-12-20 11:23:30", "device_id": "8e5e56d8-8cae-453e-89a7-6cde7dc78a73"}}, {"pk": 498, "model": "rw.session", "fields": {"project": 1, "stoptime": null, "starttime": "2011-12-20 11:25:06", "device_id": "8e5e56d8-8cae-453e-89a7-6cde7dc78a73"}}, {"pk": 499, "model": "rw.session", "fields": {"project": 1, "stoptime": null, "starttime": "2011-12-20 14:08:28", "device_id": "44e8ee44-073a-4cec-839c-dacd9630572a"}}, {"pk": 500, "model": "rw.session", "fields": {"project": 1, "stoptime": null, "starttime": "2011-12-20 14:13:17", "device_id": "44e8ee44-073a-4cec-839c-dacd9630572a"}}, {"pk": 501, "model": "rw.session", "fields": {"project": 1, "stoptime": null, "starttime": "2011-12-20 14:15:05", "device_id": "44e8ee44-073a-4cec-839c-dacd9630572a"}}, {"pk": 502, "model": "rw.session", "fields": {"project": 1, "stoptime": null, "starttime": "2011-12-20 14:15:34", "device_id": "44e8ee44-073a-4cec-839c-dacd9630572a"}}, {"pk": 503, "model": "rw.session", "fields": {"project": 1, "stoptime": null, "starttime": "2011-12-20 14:16:53", "device_id": "44e8ee44-073a-4cec-839c-dacd9630572a"}}, {"pk": 504, "model": "rw.session", "fields": {"project": 1, "stoptime": null, "starttime": "2011-12-20 14:18:32", "device_id": "44e8ee44-073a-4cec-839c-dacd9630572a"}}, {"pk": 505, "model": "rw.session", "fields": {"project": 1, "stoptime": null, "starttime": "2011-12-20 14:24:02", "device_id": "44e8ee44-073a-4cec-839c-dacd9630572a"}}, {"pk": 506, "model": "rw.session", "fields": {"project": 1, "stoptime": null, "starttime": "2011-12-20 14:25:54", "device_id": "44e8ee44-073a-4cec-839c-dacd9630572a"}}, {"pk": 507, "model": "rw.session", "fields": {"project": 1, "stoptime": null, "starttime": "2011-12-20 14:29:48", "device_id": "44e8ee44-073a-4cec-839c-dacd9630572a"}}, {"pk": 508, "model": "rw.session", "fields": {"project": 1, "stoptime": null, "starttime": "2011-12-20 14:44:25", "device_id": "4888d604-8304-42e2-bc46-ea0484917a74"}}, {"pk": 509, "model": "rw.session", "fields": {"project": 1, "stoptime": null, "starttime": "2011-12-20 14:47:25", "device_id": "4888d604-8304-42e2-bc46-ea0484917a74"}}, {"pk": 510, "model": "rw.session", "fields": {"project": 1, "stoptime": null, "starttime": "2011-12-20 14:47:50", "device_id": "44e8ee44-073a-4cec-839c-dacd9630572a"}}, {"pk": 511, "model": "rw.session", "fields": {"project": 1, "stoptime": null, "starttime": "2011-12-20 14:48:20", "device_id": "4888d604-8304-42e2-bc46-ea0484917a74"}}, {"pk": 512, "model": "rw.session", "fields": {"project": 1, "stoptime": null, "starttime": "2011-12-20 14:49:57", "device_id": "8e5e56d8-8cae-453e-89a7-6cde7dc78a73"}}, {"pk": 513, "model": "rw.session", "fields": {"project": 1, "stoptime": null, "starttime": "2011-12-20 14:53:20", "device_id": "4888d604-8304-42e2-bc46-ea0484917a74"}}, {"pk": 514, "model": "rw.session", "fields": {"project": 1, "stoptime": null, "starttime": "2011-12-20 14:54:47", "device_id": "4888d604-8304-42e2-bc46-ea0484917a74"}}, {"pk": 515, "model": "rw.session", "fields": {"project": 1, "stoptime": null, "starttime": "2011-12-20 15:01:19", "device_id": "4888d604-8304-42e2-bc46-ea0484917a74"}}, {"pk": 516, "model": "rw.session", "fields": {"project": 1, "stoptime": null, "starttime": "2011-12-20 15:03:37", "device_id": "8e5e56d8-8cae-453e-89a7-6cde7dc78a73"}}, {"pk": 517, "model": "rw.session", "fields": {"project": 1, "stoptime": null, "starttime": "2011-12-20 15:16:53", "device_id": "8e5e56d8-8cae-453e-89a7-6cde7dc78a73"}}, {"pk": 518, "model": "rw.session", "fields": {"project": 1, "stoptime": null, "starttime": "2011-12-20 15:44:39", "device_id": "8e5e56d8-8cae-453e-89a7-6cde7dc78a73"}}, {"pk": 519, "model": "rw.session", "fields": {"project": 1, "stoptime": null, "starttime": "2011-12-20 15:44:48", "device_id": "8e5e56d8-8cae-453e-89a7-6cde7dc78a73"}}, {"pk": 520, "model": "rw.session", "fields": {"project": 1, "stoptime": null, "starttime": "2011-12-20 15:44:55", "device_id": "8e5e56d8-8cae-453e-89a7-6cde7dc78a73"}}, {"pk": 521, "model": "rw.session", "fields": {"project": 1, "stoptime": null, "starttime": "2011-12-20 15:49:19", "device_id": "8e5e56d8-8cae-453e-89a7-6cde7dc78a73"}}, {"pk": 522, "model": "rw.session", "fields": {"project": 1, "stoptime": null, "starttime": "2011-12-20 17:18:59", "device_id": "8e5e56d8-8cae-453e-89a7-6cde7dc78a73"}}, {"pk": 523, "model": "rw.session", "fields": {"project": 1, "stoptime": null, "starttime": "2011-12-21 09:12:06", "device_id": "67c2b4d6-16bf-472f-a70f-3f3ce1d4658d"}}, {"pk": 524, "model": "rw.session", "fields": {"project": 1, "stoptime": null, "starttime": "2011-12-21 09:20:52", "device_id": "44e8ee44-073a-4cec-839c-dacd9630572a"}}, {"pk": 525, "model": "rw.session", "fields": {"project": 1, "stoptime": null, "starttime": "2011-12-21 12:12:25", "device_id": "44e8ee44-073a-4cec-839c-dacd9630572a"}}, {"pk": 526, "model": "rw.session", "fields": {"project": 1, "stoptime": null, "starttime": "2011-12-21 12:14:51", "device_id": "44e8ee44-073a-4cec-839c-dacd9630572a"}}, {"pk": 527, "model": "rw.session", "fields": {"project": 1, "stoptime": null, "starttime": "2011-12-21 12:21:56", "device_id": "44e8ee44-073a-4cec-839c-dacd9630572a"}}, {"pk": 528, "model": "rw.session", "fields": {"project": 1, "stoptime": null, "starttime": "2011-12-21 12:24:19", "device_id": "44e8ee44-073a-4cec-839c-dacd9630572a"}}, {"pk": 529, "model": "rw.session", "fields": {"project": 1, "stoptime": null, "starttime": "2011-12-21 12:40:14", "device_id": "44e8ee44-073a-4cec-839c-dacd9630572a"}}, {"pk": 530, "model": "rw.session", "fields": {"project": 1, "stoptime": null, "starttime": "2011-12-21 13:03:17", "device_id": "44e8ee44-073a-4cec-839c-dacd9630572a"}}, {"pk": 531, "model": "rw.session", "fields": {"project": 1, "stoptime": null, "starttime": "2011-12-21 13:06:47", "device_id": "44e8ee44-073a-4cec-839c-dacd9630572a"}}, {"pk": 532, "model": "rw.session", "fields": {"project": 1, "stoptime": null, "starttime": "2011-12-21 13:09:37", "device_id": "44e8ee44-073a-4cec-839c-dacd9630572a"}}, {"pk": 533, "model": "rw.session", "fields": {"project": 1, "stoptime": null, "starttime": "2011-12-21 13:11:33", "device_id": "44e8ee44-073a-4cec-839c-dacd9630572a"}}, {"pk": 534, "model": "rw.session", "fields": {"project": 1, "stoptime": null, "starttime": "2011-12-21 13:19:25", "device_id": "44e8ee44-073a-4cec-839c-dacd9630572a"}}, {"pk": 535, "model": "rw.session", "fields": {"project": 1, "stoptime": null, "starttime": "2011-12-21 13:20:51", "device_id": "44e8ee44-073a-4cec-839c-dacd9630572a"}}, {"pk": 536, "model": "rw.session", "fields": {"project": 1, "stoptime": null, "starttime": "2011-12-21 13:21:13", "device_id": "44e8ee44-073a-4cec-839c-dacd9630572a"}}, {"pk": 537, "model": "rw.session", "fields": {"project": 1, "stoptime": null, "starttime": "2011-12-21 13:21:39", "device_id": "44e8ee44-073a-4cec-839c-dacd9630572a"}}, {"pk": 538, "model": "rw.session", "fields": {"project": 1, "stoptime": null, "starttime": "2011-12-21 13:22:05", "device_id": "44e8ee44-073a-4cec-839c-dacd9630572a"}}, {"pk": 539, "model": "rw.session", "fields": {"project": 1, "stoptime": null, "starttime": "2011-12-21 13:29:57", "device_id": "44e8ee44-073a-4cec-839c-dacd9630572a"}}, {"pk": 540, "model": "rw.session", "fields": {"project": 1, "stoptime": null, "starttime": "2011-12-21 13:33:59", "device_id": "44e8ee44-073a-4cec-839c-dacd9630572a"}}, {"pk": 541, "model": "rw.session", "fields": {"project": 1, "stoptime": null, "starttime": "2011-12-21 14:18:30", "device_id": "44e8ee44-073a-4cec-839c-dacd9630572a"}}, {"pk": 542, "model": "rw.session", "fields": {"project": 1, "stoptime": null, "starttime": "2011-12-21 14:22:59", "device_id": "44e8ee44-073a-4cec-839c-dacd9630572a"}}, {"pk": 543, "model": "rw.session", "fields": {"project": 1, "stoptime": null, "starttime": "2011-12-21 14:43:50", "device_id": "44e8ee44-073a-4cec-839c-dacd9630572a"}}, {"pk": 544, "model": "rw.session", "fields": {"project": 1, "stoptime": null, "starttime": "2011-12-21 14:44:36", "device_id": "44e8ee44-073a-4cec-839c-dacd9630572a"}}, {"pk": 545, "model": "rw.session", "fields": {"project": 1, "stoptime": null, "starttime": "2011-12-21 14:46:30", "device_id": "44e8ee44-073a-4cec-839c-dacd9630572a"}}, {"pk": 546, "model": "rw.session", "fields": {"project": 1, "stoptime": null, "starttime": "2011-12-21 17:04:14", "device_id": "44e8ee44-073a-4cec-839c-dacd9630572a"}}, {"pk": 547, "model": "rw.session", "fields": {"project": 1, "stoptime": null, "starttime": "2011-12-21 18:23:17", "device_id": "44e8ee44-073a-4cec-839c-dacd9630572a"}}, {"pk": 548, "model": "rw.session", "fields": {"project": 1, "stoptime": null, "starttime": "2011-12-21 18:44:49", "device_id": "44e8ee44-073a-4cec-839c-dacd9630572a"}}, {"pk": 549, "model": "rw.session", "fields": {"project": 1, "stoptime": null, "starttime": "2011-12-22 05:56:05", "device_id": "40ae35a8-f13f-4fed-bde9-bbbc2c3d4d93"}}, {"pk": 550, "model": "rw.session", "fields": {"project": 1, "stoptime": null, "starttime": "2011-12-22 07:19:21", "device_id": "44e8ee44-073a-4cec-839c-dacd9630572a"}}, {"pk": 551, "model": "rw.session", "fields": {"project": 1, "stoptime": null, "starttime": "2011-12-22 07:21:26", "device_id": "44e8ee44-073a-4cec-839c-dacd9630572a"}}, {"pk": 552, "model": "rw.session", "fields": {"project": 1, "stoptime": null, "starttime": "2011-12-22 07:27:37", "device_id": "44e8ee44-073a-4cec-839c-dacd9630572a"}}, {"pk": 553, "model": "rw.session", "fields": {"project": 1, "stoptime": null, "starttime": "2011-12-22 07:50:26", "device_id": "44e8ee44-073a-4cec-839c-dacd9630572a"}}, {"pk": 554, "model": "rw.session", "fields": {"project": 1, "stoptime": null, "starttime": "2011-12-22 08:10:06", "device_id": "44e8ee44-073a-4cec-839c-dacd9630572a"}}, {"pk": 555, "model": "rw.session", "fields": {"project": 1, "stoptime": null, "starttime": "2011-12-22 09:00:29", "device_id": "44e8ee44-073a-4cec-839c-dacd9630572a"}}, {"pk": 556, "model": "rw.session", "fields": {"project": 1, "stoptime": null, "starttime": "2011-12-22 09:04:39", "device_id": "44e8ee44-073a-4cec-839c-dacd9630572a"}}, {"pk": 557, "model": "rw.session", "fields": {"project": 1, "stoptime": null, "starttime": "2011-12-22 09:10:51", "device_id": "44e8ee44-073a-4cec-839c-dacd9630572a"}}, {"pk": 558, "model": "rw.session", "fields": {"project": 1, "stoptime": null, "starttime": "2011-12-22 09:34:35", "device_id": "44e8ee44-073a-4cec-839c-dacd9630572a"}}, {"pk": 559, "model": "rw.session", "fields": {"project": 1, "stoptime": null, "starttime": "2011-12-22 09:54:26", "device_id": "44e8ee44-073a-4cec-839c-dacd9630572a"}}, {"pk": 560, "model": "rw.session", "fields": {"project": 1, "stoptime": null, "starttime": "2011-12-22 09:58:17", "device_id": "44e8ee44-073a-4cec-839c-dacd9630572a"}}, {"pk": 561, "model": "rw.session", "fields": {"project": 1, "stoptime": null, "starttime": "2011-12-22 09:59:21", "device_id": "44e8ee44-073a-4cec-839c-dacd9630572a"}}, {"pk": 562, "model": "rw.session", "fields": {"project": 1, "stoptime": null, "starttime": "2011-12-22 10:01:18", "device_id": "44e8ee44-073a-4cec-839c-dacd9630572a"}}, {"pk": 563, "model": "rw.session", "fields": {"project": 1, "stoptime": null, "starttime": "2011-12-22 10:03:33", "device_id": "44e8ee44-073a-4cec-839c-dacd9630572a"}}, {"pk": 564, "model": "rw.session", "fields": {"project": 1, "stoptime": null, "starttime": "2011-12-22 10:05:43", "device_id": "44e8ee44-073a-4cec-839c-dacd9630572a"}}, {"pk": 565, "model": "rw.session", "fields": {"project": 1, "stoptime": null, "starttime": "2011-12-22 10:06:17", "device_id": "44e8ee44-073a-4cec-839c-dacd9630572a"}}, {"pk": 566, "model": "rw.session", "fields": {"project": 1, "stoptime": null, "starttime": "2011-12-22 10:10:57", "device_id": "8e5e56d8-8cae-453e-89a7-6cde7dc78a73"}}, {"pk": 567, "model": "rw.session", "fields": {"project": 1, "stoptime": null, "starttime": "2011-12-22 10:12:06", "device_id": "44e8ee44-073a-4cec-839c-dacd9630572a"}}, {"pk": 568, "model": "rw.session", "fields": {"project": 1, "stoptime": null, "starttime": "2011-12-22 10:12:28", "device_id": "8e5e56d8-8cae-453e-89a7-6cde7dc78a73"}}, {"pk": 569, "model": "rw.session", "fields": {"project": 1, "stoptime": null, "starttime": "2011-12-22 10:14:17", "device_id": "44e8ee44-073a-4cec-839c-dacd9630572a"}}, {"pk": 570, "model": "rw.session", "fields": {"project": 1, "stoptime": null, "starttime": "2011-12-22 10:15:04", "device_id": "44e8ee44-073a-4cec-839c-dacd9630572a"}}, {"pk": 571, "model": "rw.session", "fields": {"project": 1, "stoptime": null, "starttime": "2011-12-22 10:15:30", "device_id": "44e8ee44-073a-4cec-839c-dacd9630572a"}}, {"pk": 572, "model": "rw.session", "fields": {"project": 1, "stoptime": null, "starttime": "2011-12-22 10:59:57", "device_id": "44e8ee44-073a-4cec-839c-dacd9630572a"}}, {"pk": 573, "model": "rw.session", "fields": {"project": 1, "stoptime": null, "starttime": "2011-12-22 11:02:42", "device_id": "44e8ee44-073a-4cec-839c-dacd9630572a"}}, {"pk": 574, "model": "rw.session", "fields": {"project": 1, "stoptime": null, "starttime": "2011-12-22 11:11:55", "device_id": "44e8ee44-073a-4cec-839c-dacd9630572a"}}, {"pk": 575, "model": "rw.session", "fields": {"project": 1, "stoptime": null, "starttime": "2011-12-22 11:20:39", "device_id": "4153c65f-7861-419b-aa2e-5499eb53e7bb"}}, {"pk": 576, "model": "rw.session", "fields": {"project": 1, "stoptime": null, "starttime": "2011-12-22 11:23:40", "device_id": "574e92a5-d46a-4bd9-9376-8530df9fa87c"}}, {"pk": 577, "model": "rw.session", "fields": {"project": 1, "stoptime": null, "starttime": "2011-12-22 12:02:37", "device_id": "079851b9-2d16-4868-ab14-e8eee5082a1e"}}, {"pk": 578, "model": "rw.session", "fields": {"project": 1, "stoptime": null, "starttime": "2011-12-22 12:15:29", "device_id": "(null)"}}, {"pk": 579, "model": "rw.session", "fields": {"project": 1, "stoptime": null, "starttime": "2011-12-22 12:18:45", "device_id": "574e92a5-d46a-4bd9-9376-8530df9fa87c"}}, {"pk": 580, "model": "rw.session", "fields": {"project": 1, "stoptime": null, "starttime": "2011-12-22 12:27:10", "device_id": "574e92a5-d46a-4bd9-9376-8530df9fa87c"}}, {"pk": 581, "model": "rw.session", "fields": {"project": 1, "stoptime": null, "starttime": "2011-12-22 12:30:24", "device_id": "079851b9-2d16-4868-ab14-e8eee5082a1e"}}, {"pk": 582, "model": "rw.session", "fields": {"project": 1, "stoptime": null, "starttime": "2011-12-22 13:36:56", "device_id": "e6d85d8c-f81e-4b4c-a761-655dedb47ff1"}}, {"pk": 583, "model": "rw.session", "fields": {"project": 1, "stoptime": null, "starttime": "2011-12-22 13:40:48", "device_id": "e6b2a32e-52c3-4210-a535-ba9fb3653f09"}}, {"pk": 584, "model": "rw.session", "fields": {"project": 1, "stoptime": null, "starttime": "2011-12-22 13:43:41", "device_id": "6c8256ed-3d2a-45b8-98cd-de92bda152ed"}}, {"pk": 585, "model": "rw.session", "fields": {"project": 1, "stoptime": null, "starttime": "2011-12-22 14:43:31", "device_id": "d74001a6-6066-49b0-9210-818d50e63a14"}}, {"pk": 586, "model": "rw.session", "fields": {"project": 1, "stoptime": null, "starttime": "2011-12-22 14:45:27", "device_id": "ccfb6d7a-00b1-4767-ab54-2f4f0e3137bd"}}, {"pk": 587, "model": "rw.session", "fields": {"project": 1, "stoptime": null, "starttime": "2011-12-23 08:19:28", "device_id": "f27bbfe7-1a3b-4984-a1bb-d1bf51275102"}}, {"pk": 588, "model": "rw.session", "fields": {"project": 1, "stoptime": null, "starttime": "2011-12-23 08:23:29", "device_id": "f27bbfe7-1a3b-4984-a1bb-d1bf51275102"}}, {"pk": 589, "model": "rw.session", "fields": {"project": 1, "stoptime": null, "starttime": "2011-12-23 08:28:08", "device_id": "f27bbfe7-1a3b-4984-a1bb-d1bf51275102"}}, {"pk": 590, "model": "rw.session", "fields": {"project": 1, "stoptime": null, "starttime": "2011-12-23 13:34:13", "device_id": "e7a4e429-cd64-4559-b2ee-9760ab339097"}}, {"pk": 591, "model": "rw.session", "fields": {"project": 1, "stoptime": null, "starttime": "2011-12-23 13:37:06", "device_id": "c6acafb3-0736-4166-a806-9ea6a21401ea"}}, {"pk": 592, "model": "rw.session", "fields": {"project": 1, "stoptime": null, "starttime": "2011-12-23 13:41:05", "device_id": "bb6daae8-bc01-4903-b4c7-9b36c306890b"}}, {"pk": 593, "model": "rw.session", "fields": {"project": 1, "stoptime": null, "starttime": "2011-12-23 13:49:06", "device_id": "9322ff42-9a41-43e7-b6c3-215374aaffbf"}}, {"pk": 594, "model": "rw.session", "fields": {"project": 1, "stoptime": null, "starttime": "2011-12-23 14:10:33", "device_id": "9970632f-cd10-49b7-ae21-72d3a0f25ed2"}}, {"pk": 595, "model": "rw.session", "fields": {"project": 1, "stoptime": null, "starttime": "2011-12-23 14:14:10", "device_id": "847ef767-e002-488f-be0c-8ed620154724"}}, {"pk": 596, "model": "rw.session", "fields": {"project": 1, "stoptime": null, "starttime": "2011-12-23 14:18:53", "device_id": "5ec9a6a5-62a9-43e9-9fdc-df50a75f533b"}}, {"pk": 597, "model": "rw.session", "fields": {"project": 1, "stoptime": null, "starttime": "2011-12-23 14:20:08", "device_id": "f27bbfe7-1a3b-4984-a1bb-d1bf51275102"}}, {"pk": 598, "model": "rw.session", "fields": {"project": 1, "stoptime": null, "starttime": "2011-12-23 14:20:47", "device_id": "5a9b384d-c3dd-4b7b-96d5-a9d66988642e"}}, {"pk": 599, "model": "rw.session", "fields": {"project": 1, "stoptime": null, "starttime": "2011-12-23 14:25:10", "device_id": "6a16f7aa-6a29-42bc-9edf-2e4d4c71e2c0"}}, {"pk": 600, "model": "rw.session", "fields": {"project": 1, "stoptime": null, "starttime": "2011-12-23 14:29:46", "device_id": "9d96e968-0eb0-40d1-b3c6-6b4c38b832c7"}}, {"pk": 601, "model": "rw.session", "fields": {"project": 1, "stoptime": null, "starttime": "2011-12-23 14:45:52", "device_id": "84434f96-6fb9-450e-afc8-4832702b5d46"}}, {"pk": 602, "model": "rw.session", "fields": {"project": 1, "stoptime": null, "starttime": "2011-12-23 15:09:32", "device_id": "ff9f8154-2e9b-4b10-8e70-68ff37bf68fa"}}, {"pk": 603, "model": "rw.session", "fields": {"project": 1, "stoptime": null, "starttime": "2011-12-23 15:22:33", "device_id": "68f37bcb-f6ae-46d9-9385-ef4a604a8bcc"}}, {"pk": 604, "model": "rw.session", "fields": {"project": 1, "stoptime": null, "starttime": "2011-12-23 15:45:01", "device_id": "7581eaa5-2fa5-4bad-87d0-db4ef20e5e98"}}, {"pk": 605, "model": "rw.session", "fields": {"project": 1, "stoptime": null, "starttime": "2011-12-23 15:50:03", "device_id": "ba92c9ed-74bf-4d88-aac2-66d0bfcad791"}}, {"pk": 606, "model": "rw.session", "fields": {"project": 1, "stoptime": null, "starttime": "2011-12-23 15:54:21", "device_id": "6dc74c31-2470-49d3-bd9c-200fa1e5a0c6"}}, {"pk": 607, "model": "rw.session", "fields": {"project": 1, "stoptime": null, "starttime": "2011-12-23 15:55:45", "device_id": "d65e617c-48cd-4cc7-bdbd-c81fa7db336b"}}, {"pk": 608, "model": "rw.session", "fields": {"project": 1, "stoptime": null, "starttime": "2011-12-23 16:00:58", "device_id": "409ffa39-07e3-43bf-a810-d1bd451b229a"}}, {"pk": 609, "model": "rw.session", "fields": {"project": 1, "stoptime": null, "starttime": "2011-12-23 16:01:35", "device_id": "5f43d922-3962-4c8e-a7b7-4005d0773627"}}, {"pk": 610, "model": "rw.session", "fields": {"project": 1, "stoptime": null, "starttime": "2011-12-23 16:23:35", "device_id": "b0be0803-a0a3-4916-941f-f610602e1ede"}}, {"pk": 611, "model": "rw.session", "fields": {"project": 1, "stoptime": null, "starttime": "2011-12-23 17:37:32", "device_id": "12dfd415-6874-42bc-97a8-ac09f5bbe9e1"}}, {"pk": 612, "model": "rw.session", "fields": {"project": 1, "stoptime": null, "starttime": "2011-12-23 19:54:29", "device_id": "f27bbfe7-1a3b-4984-a1bb-d1bf51275102"}}, {"pk": 613, "model": "rw.session", "fields": {"project": 1, "stoptime": null, "starttime": "2011-12-23 20:51:08", "device_id": "079851b9-2d16-4868-ab14-e8eee5082a1e"}}, {"pk": 614, "model": "rw.session", "fields": {"project": 1, "stoptime": null, "starttime": "2011-12-23 21:05:14", "device_id": "67c2b4d6-16bf-472f-a70f-3f3ce1d4658d"}}, {"pk": 615, "model": "rw.session", "fields": {"project": 1, "stoptime": null, "starttime": "2011-12-23 21:08:08", "device_id": "4888d604-8304-42e2-bc46-ea0484917a74"}}, {"pk": 616, "model": "rw.session", "fields": {"project": 1, "stoptime": null, "starttime": "2011-12-23 21:09:20", "device_id": "079851b9-2d16-4868-ab14-e8eee5082a1e"}}, {"pk": 617, "model": "rw.session", "fields": {"project": 1, "stoptime": null, "starttime": "2011-12-23 21:11:44", "device_id": "079851b9-2d16-4868-ab14-e8eee5082a1e"}}, {"pk": 618, "model": "rw.session", "fields": {"project": 1, "stoptime": null, "starttime": "2011-12-23 21:14:53", "device_id": "079851b9-2d16-4868-ab14-e8eee5082a1e"}}, {"pk": 619, "model": "rw.session", "fields": {"project": 1, "stoptime": null, "starttime": "2011-12-23 21:43:20", "device_id": "8a21a25d-ce06-4e16-a2d3-fa9a66d5811d"}}, {"pk": 620, "model": "rw.session", "fields": {"project": 1, "stoptime": null, "starttime": "2011-12-23 21:45:29", "device_id": "32055074-1c1d-4c42-adac-b6542ecd35ba"}}, {"pk": 621, "model": "rw.session", "fields": {"project": 1, "stoptime": null, "starttime": "2011-12-24 00:26:39", "device_id": "588c9640-c10f-40e1-8fd5-18edea638901"}}, {"pk": 622, "model": "rw.session", "fields": {"project": 1, "stoptime": null, "starttime": "2011-12-24 03:27:14", "device_id": "311cc38c-72d0-4927-acb3-a00b6df7b727"}}, {"pk": 623, "model": "rw.session", "fields": {"project": 1, "stoptime": null, "starttime": "2011-12-24 04:09:30", "device_id": "82d77787-485f-4023-a229-41f7d8038006"}}, {"pk": 624, "model": "rw.session", "fields": {"project": 1, "stoptime": null, "starttime": "2011-12-24 04:53:30", "device_id": "ba0eb0e9-4201-46ef-bef1-b315d2df15cb"}}, {"pk": 625, "model": "rw.session", "fields": {"project": 1, "stoptime": null, "starttime": "2011-12-24 05:24:50", "device_id": "df8f3df3-830f-4e07-9088-fc3ed79abf6b"}}, {"pk": 626, "model": "rw.session", "fields": {"project": 1, "stoptime": null, "starttime": "2011-12-24 05:33:02", "device_id": "92300a07-63a8-4e03-8202-2cde259b2bd1"}}, {"pk": 627, "model": "rw.session", "fields": {"project": 1, "stoptime": null, "starttime": "2011-12-24 05:40:26", "device_id": "e86610bf-1c77-4080-801c-fcf914292290"}}, {"pk": 628, "model": "rw.session", "fields": {"project": 1, "stoptime": null, "starttime": "2011-12-24 06:53:11", "device_id": "f27bbfe7-1a3b-4984-a1bb-d1bf51275102"}}, {"pk": 629, "model": "rw.session", "fields": {"project": 1, "stoptime": null, "starttime": "2011-12-24 07:47:44", "device_id": "574e92a5-d46a-4bd9-9376-8530df9fa87c"}}, {"pk": 630, "model": "rw.session", "fields": {"project": 1, "stoptime": null, "starttime": "2011-12-24 07:49:54", "device_id": "574e92a5-d46a-4bd9-9376-8530df9fa87c"}}, {"pk": 631, "model": "rw.session", "fields": {"project": 1, "stoptime": null, "starttime": "2011-12-24 07:57:36", "device_id": "574e92a5-d46a-4bd9-9376-8530df9fa87c"}}, {"pk": 632, "model": "rw.session", "fields": {"project": 1, "stoptime": null, "starttime": "2011-12-24 08:04:07", "device_id": "574e92a5-d46a-4bd9-9376-8530df9fa87c"}}, {"pk": 633, "model": "rw.session", "fields": {"project": 1, "stoptime": null, "starttime": "2011-12-24 08:04:45", "device_id": "574e92a5-d46a-4bd9-9376-8530df9fa87c"}}, {"pk": 634, "model": "rw.session", "fields": {"project": 1, "stoptime": null, "starttime": "2011-12-24 08:06:45", "device_id": "574e92a5-d46a-4bd9-9376-8530df9fa87c"}}, {"pk": 635, "model": "rw.session", "fields": {"project": 1, "stoptime": null, "starttime": "2011-12-24 08:11:05", "device_id": "574e92a5-d46a-4bd9-9376-8530df9fa87c"}}, {"pk": 636, "model": "rw.session", "fields": {"project": 1, "stoptime": null, "starttime": "2011-12-24 08:13:20", "device_id": "574e92a5-d46a-4bd9-9376-8530df9fa87c"}}, {"pk": 637, "model": "rw.session", "fields": {"project": 1, "stoptime": null, "starttime": "2011-12-24 08:17:59", "device_id": "574e92a5-d46a-4bd9-9376-8530df9fa87c"}}, {"pk": 638, "model": "rw.session", "fields": {"project": 1, "stoptime": null, "starttime": "2011-12-24 08:18:48", "device_id": "574e92a5-d46a-4bd9-9376-8530df9fa87c"}}, {"pk": 639, "model": "rw.session", "fields": {"project": 1, "stoptime": null, "starttime": "2011-12-24 08:21:02", "device_id": "574e92a5-d46a-4bd9-9376-8530df9fa87c"}}, {"pk": 640, "model": "rw.session", "fields": {"project": 1, "stoptime": null, "starttime": "2011-12-24 08:22:27", "device_id": "574e92a5-d46a-4bd9-9376-8530df9fa87c"}}, {"pk": 641, "model": "rw.session", "fields": {"project": 1, "stoptime": null, "starttime": "2011-12-24 08:23:34", "device_id": "574e92a5-d46a-4bd9-9376-8530df9fa87c"}}, {"pk": 642, "model": "rw.session", "fields": {"project": 1, "stoptime": null, "starttime": "2011-12-24 08:40:29", "device_id": "f27bbfe7-1a3b-4984-a1bb-d1bf51275102"}}, {"pk": 643, "model": "rw.session", "fields": {"project": 1, "stoptime": null, "starttime": "2011-12-24 08:47:34", "device_id": "8a21a25d-ce06-4e16-a2d3-fa9a66d5811d"}}, {"pk": 644, "model": "rw.session", "fields": {"project": 1, "stoptime": null, "starttime": "2011-12-24 08:48:46", "device_id": "8a21a25d-ce06-4e16-a2d3-fa9a66d5811d"}}, {"pk": 645, "model": "rw.session", "fields": {"project": 1, "stoptime": null, "starttime": "2011-12-24 08:50:39", "device_id": "8a21a25d-ce06-4e16-a2d3-fa9a66d5811d"}}, {"pk": 646, "model": "rw.session", "fields": {"project": 1, "stoptime": null, "starttime": "2011-12-24 09:19:41", "device_id": "f27bbfe7-1a3b-4984-a1bb-d1bf51275102"}}, {"pk": 647, "model": "rw.session", "fields": {"project": 1, "stoptime": null, "starttime": "2011-12-24 13:53:31", "device_id": "574e92a5-d46a-4bd9-9376-8530df9fa87c"}}, {"pk": 648, "model": "rw.session", "fields": {"project": 1, "stoptime": null, "starttime": "2011-12-24 13:54:22", "device_id": "574e92a5-d46a-4bd9-9376-8530df9fa87c"}}, {"pk": 649, "model": "rw.session", "fields": {"project": 1, "stoptime": null, "starttime": "2011-12-24 13:55:28", "device_id": "574e92a5-d46a-4bd9-9376-8530df9fa87c"}}, {"pk": 650, "model": "rw.session", "fields": {"project": 1, "stoptime": null, "starttime": "2011-12-24 13:55:37", "device_id": "574e92a5-d46a-4bd9-9376-8530df9fa87c"}}, {"pk": 651, "model": "rw.session", "fields": {"project": 1, "stoptime": null, "starttime": "2011-12-24 13:55:53", "device_id": "574e92a5-d46a-4bd9-9376-8530df9fa87c"}}, {"pk": 652, "model": "rw.session", "fields": {"project": 1, "stoptime": null, "starttime": "2011-12-24 17:24:31", "device_id": "08bde2ea-4cee-4b24-b516-723f2bd6113c"}}, {"pk": 653, "model": "rw.session", "fields": {"project": 1, "stoptime": null, "starttime": "2011-12-25 14:12:16", "device_id": "574e92a5-d46a-4bd9-9376-8530df9fa87c"}}, {"pk": 654, "model": "rw.session", "fields": {"project": 1, "stoptime": null, "starttime": "2011-12-25 14:19:21", "device_id": "f27bbfe7-1a3b-4984-a1bb-d1bf51275102"}}, {"pk": 655, "model": "rw.session", "fields": {"project": 1, "stoptime": null, "starttime": "2011-12-25 14:21:12", "device_id": "f27bbfe7-1a3b-4984-a1bb-d1bf51275102"}}, {"pk": 656, "model": "rw.session", "fields": {"project": 1, "stoptime": null, "starttime": "2011-12-25 14:23:07", "device_id": "f27bbfe7-1a3b-4984-a1bb-d1bf51275102"}}, {"pk": 657, "model": "rw.session", "fields": {"project": 1, "stoptime": null, "starttime": "2011-12-25 14:26:08", "device_id": "f27bbfe7-1a3b-4984-a1bb-d1bf51275102"}}, {"pk": 658, "model": "rw.session", "fields": {"project": 1, "stoptime": null, "starttime": "2011-12-25 15:35:47", "device_id": "f27bbfe7-1a3b-4984-a1bb-d1bf51275102"}}, {"pk": 659, "model": "rw.session", "fields": {"project": 1, "stoptime": null, "starttime": "2011-12-25 15:57:08", "device_id": "f27bbfe7-1a3b-4984-a1bb-d1bf51275102"}}, {"pk": 660, "model": "rw.session", "fields": {"project": 1, "stoptime": null, "starttime": "2011-12-25 17:59:41", "device_id": "f27bbfe7-1a3b-4984-a1bb-d1bf51275102"}}, {"pk": 661, "model": "rw.session", "fields": {"project": 1, "stoptime": null, "starttime": "2011-12-25 18:13:17", "device_id": "574e92a5-d46a-4bd9-9376-8530df9fa87c"}}, {"pk": 662, "model": "rw.session", "fields": {"project": 1, "stoptime": null, "starttime": "2011-12-25 18:14:22", "device_id": "574e92a5-d46a-4bd9-9376-8530df9fa87c"}}, {"pk": 663, "model": "rw.session", "fields": {"project": 1, "stoptime": null, "starttime": "2011-12-25 18:14:56", "device_id": "574e92a5-d46a-4bd9-9376-8530df9fa87c"}}, {"pk": 664, "model": "rw.session", "fields": {"project": 1, "stoptime": null, "starttime": "2011-12-25 18:15:47", "device_id": "f27bbfe7-1a3b-4984-a1bb-d1bf51275102"}}, {"pk": 665, "model": "rw.session", "fields": {"project": 1, "stoptime": null, "starttime": "2011-12-25 18:17:11", "device_id": "574e92a5-d46a-4bd9-9376-8530df9fa87c"}}, {"pk": 666, "model": "rw.session", "fields": {"project": 1, "stoptime": null, "starttime": "2011-12-25 18:35:46", "device_id": "f27bbfe7-1a3b-4984-a1bb-d1bf51275102"}}, {"pk": 667, "model": "rw.session", "fields": {"project": 1, "stoptime": null, "starttime": "2011-12-25 18:39:38", "device_id": "f27bbfe7-1a3b-4984-a1bb-d1bf51275102"}}, {"pk": 668, "model": "rw.session", "fields": {"project": 1, "stoptime": null, "starttime": "2011-12-25 20:27:35", "device_id": "f27bbfe7-1a3b-4984-a1bb-d1bf51275102"}}, {"pk": 669, "model": "rw.session", "fields": {"project": 1, "stoptime": null, "starttime": "2011-12-25 20:28:37", "device_id": "f27bbfe7-1a3b-4984-a1bb-d1bf51275102"}}, {"pk": 670, "model": "rw.session", "fields": {"project": 1, "stoptime": null, "starttime": "2011-12-25 20:28:53", "device_id": "f27bbfe7-1a3b-4984-a1bb-d1bf51275102"}}, {"pk": 671, "model": "rw.session", "fields": {"project": 1, "stoptime": null, "starttime": "2011-12-25 22:01:06", "device_id": "8a21a25d-ce06-4e16-a2d3-fa9a66d5811d"}}, {"pk": 672, "model": "rw.session", "fields": {"project": 1, "stoptime": null, "starttime": "2011-12-26 09:20:57", "device_id": "f27bbfe7-1a3b-4984-a1bb-d1bf51275102"}}, {"pk": 673, "model": "rw.session", "fields": {"project": 1, "stoptime": null, "starttime": "2011-12-26 10:24:23", "device_id": "574e92a5-d46a-4bd9-9376-8530df9fa87c"}}, {"pk": 674, "model": "rw.session", "fields": {"project": 1, "stoptime": null, "starttime": "2011-12-26 10:24:47", "device_id": "574e92a5-d46a-4bd9-9376-8530df9fa87c"}}, {"pk": 675, "model": "rw.session", "fields": {"project": 1, "stoptime": null, "starttime": "2011-12-26 10:25:09", "device_id": "574e92a5-d46a-4bd9-9376-8530df9fa87c"}}, {"pk": 676, "model": "rw.session", "fields": {"project": 1, "stoptime": null, "starttime": "2011-12-26 10:25:30", "device_id": "574e92a5-d46a-4bd9-9376-8530df9fa87c"}}, {"pk": 677, "model": "rw.session", "fields": {"project": 1, "stoptime": null, "starttime": "2011-12-26 13:39:24", "device_id": "da2f0a2a-cdf7-41b8-94db-835c0bd25ed4"}}, {"pk": 678, "model": "rw.session", "fields": {"project": 1, "stoptime": null, "starttime": "2011-12-26 13:45:33", "device_id": "79f1a030-15bc-447f-b334-30bb2963e4a0"}}, {"pk": 679, "model": "rw.session", "fields": {"project": 1, "stoptime": null, "starttime": "2011-12-26 13:47:48", "device_id": "5f939f99-9a7d-4da0-8159-eb91df691f12"}}, {"pk": 680, "model": "rw.session", "fields": {"project": 1, "stoptime": null, "starttime": "2011-12-26 13:50:16", "device_id": "1beccc7d-7368-4ab4-9e1a-b0c01575ffbe"}}, {"pk": 681, "model": "rw.session", "fields": {"project": 1, "stoptime": null, "starttime": "2011-12-26 13:55:55", "device_id": "4db2d80b-e630-491d-85a4-3c0316caa954"}}, {"pk": 682, "model": "rw.session", "fields": {"project": 1, "stoptime": null, "starttime": "2011-12-26 13:57:48", "device_id": "645ed491-1bf1-4086-8152-0a082571064f"}}, {"pk": 683, "model": "rw.session", "fields": {"project": 1, "stoptime": null, "starttime": "2011-12-26 13:58:58", "device_id": "846adf72-bd02-467a-a5d2-4ef596e08204"}}, {"pk": 684, "model": "rw.session", "fields": {"project": 1, "stoptime": null, "starttime": "2011-12-26 14:16:23", "device_id": "eae1435f-7354-4e6b-8e1c-9edda67b0855"}}, {"pk": 685, "model": "rw.session", "fields": {"project": 1, "stoptime": null, "starttime": "2011-12-26 14:17:07", "device_id": "eeb24aeb-e44b-4718-b5d1-b3750792413c"}}, {"pk": 686, "model": "rw.session", "fields": {"project": 1, "stoptime": null, "starttime": "2011-12-26 14:17:35", "device_id": "0d9606c7-6f4a-4e77-baeb-d5d9d3ee56fc"}}, {"pk": 687, "model": "rw.session", "fields": {"project": 1, "stoptime": null, "starttime": "2011-12-26 15:00:33", "device_id": "dafdba86-2248-43be-bf1d-9bbde55ae375"}}, {"pk": 688, "model": "rw.session", "fields": {"project": 1, "stoptime": null, "starttime": "2011-12-26 15:02:20", "device_id": "df7ee08a-e032-44f6-9822-b003deb96a51"}}, {"pk": 689, "model": "rw.session", "fields": {"project": 1, "stoptime": null, "starttime": "2011-12-26 15:24:50", "device_id": "2aa5d2c2-4213-4790-b779-b0802736e445"}}, {"pk": 690, "model": "rw.session", "fields": {"project": 1, "stoptime": null, "starttime": "2011-12-26 15:32:10", "device_id": "3e5bab98-71ac-46c8-b94d-80e4f5982ebf"}}, {"pk": 691, "model": "rw.session", "fields": {"project": 1, "stoptime": null, "starttime": "2011-12-26 15:46:31", "device_id": "e440653b-2396-436f-91d6-5cc32d357952"}}, {"pk": 692, "model": "rw.session", "fields": {"project": 1, "stoptime": null, "starttime": "2011-12-26 15:47:18", "device_id": "2b1c4be7-8ce2-491a-86a4-66e56acdbdfc"}}, {"pk": 693, "model": "rw.session", "fields": {"project": 1, "stoptime": null, "starttime": "2011-12-26 16:04:38", "device_id": "f27bbfe7-1a3b-4984-a1bb-d1bf51275102"}}, {"pk": 694, "model": "rw.session", "fields": {"project": 1, "stoptime": null, "starttime": "2011-12-27 03:49:14", "device_id": "1e7db24d-b71e-4f35-b409-4716a06203f8"}}, {"pk": 695, "model": "rw.session", "fields": {"project": 1, "stoptime": null, "starttime": "2011-12-28 03:44:54", "device_id": "356e8aa1-6f73-4063-8245-9bc01c1db708"}}, {"pk": 696, "model": "rw.session", "fields": {"project": 1, "stoptime": null, "starttime": "2011-12-28 03:56:42", "device_id": "dd9e110f-98ba-4a11-9798-4dbd40bd4dc5"}}, {"pk": 697, "model": "rw.session", "fields": {"project": 1, "stoptime": null, "starttime": "2011-12-28 03:57:17", "device_id": "dbf11eb7-fa40-49cb-918b-61cda1e48e82"}}, {"pk": 698, "model": "rw.session", "fields": {"project": 1, "stoptime": null, "starttime": "2011-12-28 04:00:29", "device_id": "e51fcb74-7566-4413-90b9-9d9fe35e4108"}}, {"pk": 699, "model": "rw.session", "fields": {"project": 1, "stoptime": null, "starttime": "2011-12-28 04:04:11", "device_id": "056ac957-e8cb-4fba-983b-4a1bf81fe9a1"}}, {"pk": 700, "model": "rw.session", "fields": {"project": 1, "stoptime": null, "starttime": "2011-12-28 06:39:05", "device_id": "89811938-412e-472a-a5b8-fcb91839fe34"}}, {"pk": 701, "model": "rw.session", "fields": {"project": 1, "stoptime": null, "starttime": "2011-12-28 07:09:58", "device_id": "1ff0aa39-e1c5-48d8-ad17-4e591873c553"}}, {"pk": 702, "model": "rw.session", "fields": {"project": 1, "stoptime": null, "starttime": "2011-12-28 07:18:14", "device_id": "e7146f8b-c782-4852-9752-f61b5256a392"}}, {"pk": 703, "model": "rw.session", "fields": {"project": 1, "stoptime": null, "starttime": "2011-12-28 07:52:13", "device_id": "e903099f-bc3e-4e64-8777-55210c227c98"}}, {"pk": 704, "model": "rw.session", "fields": {"project": 1, "stoptime": null, "starttime": "2011-12-28 08:04:18", "device_id": "3cebd484-fde8-4fb2-97d0-1ab7c65f41e4"}}, {"pk": 705, "model": "rw.session", "fields": {"project": 1, "stoptime": null, "starttime": "2011-12-28 13:24:10", "device_id": "b2b8ab73-1b56-4efb-9a12-c57514ecacad"}}, {"pk": 706, "model": "rw.session", "fields": {"project": 1, "stoptime": null, "starttime": "2011-12-29 04:19:11", "device_id": "75530343-6697-43b7-aca5-560b82e5afac"}}, {"pk": 707, "model": "rw.session", "fields": {"project": 1, "stoptime": null, "starttime": "2011-12-29 04:22:27", "device_id": "ea3a464c-70ad-4436-936b-304d13023de1"}}, {"pk": 708, "model": "rw.session", "fields": {"project": 1, "stoptime": null, "starttime": "2011-12-29 04:37:24", "device_id": "7bc5fd8b-6b94-47f9-9070-7f41fc54ae38"}}, {"pk": 709, "model": "rw.session", "fields": {"project": 1, "stoptime": null, "starttime": "2011-12-29 04:39:07", "device_id": "69ae17e2-d316-4508-bcd0-0aad93f865e3"}}, {"pk": 710, "model": "rw.session", "fields": {"project": 1, "stoptime": null, "starttime": "2011-12-29 04:41:34", "device_id": "7ecd183b-6e9e-4c5d-b3a3-4b62af70e164"}}, {"pk": 711, "model": "rw.session", "fields": {"project": 1, "stoptime": null, "starttime": "2011-12-29 04:48:41", "device_id": "0d05bd71-f2f9-4d4f-9de4-d5c31dda4ed9"}}, {"pk": 712, "model": "rw.session", "fields": {"project": 1, "stoptime": null, "starttime": "2011-12-29 04:52:17", "device_id": "71f10e02-f115-4dd6-9714-6637f6320678"}}, {"pk": 713, "model": "rw.session", "fields": {"project": 1, "stoptime": null, "starttime": "2011-12-29 09:12:50", "device_id": "574e92a5-d46a-4bd9-9376-8530df9fa87c"}}, {"pk": 714, "model": "rw.session", "fields": {"project": 1, "stoptime": null, "starttime": "2011-12-29 09:16:47", "device_id": "574e92a5-d46a-4bd9-9376-8530df9fa87c"}}, {"pk": 715, "model": "rw.session", "fields": {"project": 1, "stoptime": null, "starttime": "2011-12-30 04:09:12", "device_id": "af2a3cc6-ff07-4d2e-9a23-f248d8ea9985"}}, {"pk": 716, "model": "rw.session", "fields": {"project": 1, "stoptime": null, "starttime": "2011-12-30 07:19:55", "device_id": "b76bbf57-f32e-44ff-bf3c-98e744e2d1ca"}}, {"pk": 717, "model": "rw.session", "fields": {"project": 1, "stoptime": null, "starttime": "2011-12-30 08:01:28", "device_id": "574e92a5-d46a-4bd9-9376-8530df9fa87c"}}, {"pk": 718, "model": "rw.session", "fields": {"project": 1, "stoptime": null, "starttime": "2011-12-30 08:03:45", "device_id": "574e92a5-d46a-4bd9-9376-8530df9fa87c"}}, {"pk": 719, "model": "rw.session", "fields": {"project": 1, "stoptime": null, "starttime": "2011-12-30 08:30:02", "device_id": "574e92a5-d46a-4bd9-9376-8530df9fa87c"}}, {"pk": 720, "model": "rw.session", "fields": {"project": 1, "stoptime": null, "starttime": "2011-12-30 08:31:50", "device_id": "574e92a5-d46a-4bd9-9376-8530df9fa87c"}}, {"pk": 721, "model": "rw.session", "fields": {"project": 1, "stoptime": null, "starttime": "2011-12-30 09:29:00", "device_id": "574e92a5-d46a-4bd9-9376-8530df9fa87c"}}, {"pk": 722, "model": "rw.session", "fields": {"project": 1, "stoptime": null, "starttime": "2011-12-30 12:38:25", "device_id": "574e92a5-d46a-4bd9-9376-8530df9fa87c"}}, {"pk": 723, "model": "rw.session", "fields": {"project": 1, "stoptime": null, "starttime": "2011-12-30 12:44:30", "device_id": "574e92a5-d46a-4bd9-9376-8530df9fa87c"}}, {"pk": 724, "model": "rw.session", "fields": {"project": 1, "stoptime": null, "starttime": "2011-12-30 12:46:27", "device_id": "574e92a5-d46a-4bd9-9376-8530df9fa87c"}}, {"pk": 725, "model": "rw.session", "fields": {"project": 1, "stoptime": null, "starttime": "2011-12-30 12:58:09", "device_id": "574e92a5-d46a-4bd9-9376-8530df9fa87c"}}, {"pk": 726, "model": "rw.session", "fields": {"project": 1, "stoptime": null, "starttime": "2011-12-30 13:00:15", "device_id": "f27bbfe7-1a3b-4984-a1bb-d1bf51275102"}}, {"pk": 727, "model": "rw.session", "fields": {"project": 1, "stoptime": null, "starttime": "2011-12-30 13:00:49", "device_id": "f27bbfe7-1a3b-4984-a1bb-d1bf51275102"}}, {"pk": 728, "model": "rw.session", "fields": {"project": 1, "stoptime": null, "starttime": "2011-12-30 13:15:19", "device_id": "f27bbfe7-1a3b-4984-a1bb-d1bf51275102"}}, {"pk": 729, "model": "rw.session", "fields": {"project": 1, "stoptime": null, "starttime": "2011-12-30 13:16:49", "device_id": "f27bbfe7-1a3b-4984-a1bb-d1bf51275102"}}, {"pk": 730, "model": "rw.session", "fields": {"project": 1, "stoptime": null, "starttime": "2011-12-30 13:17:16", "device_id": "f27bbfe7-1a3b-4984-a1bb-d1bf51275102"}}, {"pk": 731, "model": "rw.session", "fields": {"project": 1, "stoptime": null, "starttime": "2011-12-30 13:18:51", "device_id": "574e92a5-d46a-4bd9-9376-8530df9fa87c"}}, {"pk": 732, "model": "rw.session", "fields": {"project": 1, "stoptime": null, "starttime": "2011-12-30 13:19:49", "device_id": "304a6daa-fd89-4684-ab2d-dd10c6c1af55"}}, {"pk": 733, "model": "rw.session", "fields": {"project": 1, "stoptime": null, "starttime": "2011-12-30 13:23:34", "device_id": "304a6daa-fd89-4684-ab2d-dd10c6c1af55"}}, {"pk": 734, "model": "rw.session", "fields": {"project": 1, "stoptime": null, "starttime": "2011-12-30 13:23:53", "device_id": "304a6daa-fd89-4684-ab2d-dd10c6c1af55"}}, {"pk": 735, "model": "rw.session", "fields": {"project": 1, "stoptime": null, "starttime": "2011-12-30 15:14:20", "device_id": "e476dd2d-7e4e-43b5-af8e-2f4c4f2665be"}}, {"pk": 736, "model": "rw.session", "fields": {"project": 1, "stoptime": null, "starttime": "2011-12-31 03:27:17", "device_id": "0ac999a0-4886-42d1-a002-0004f1bae004"}}, {"pk": 737, "model": "rw.session", "fields": {"project": 1, "stoptime": null, "starttime": "2011-12-31 03:36:31", "device_id": "a3c3d66b-8adc-4fc4-a2a3-489ac6d0c57e"}}, {"pk": 738, "model": "rw.session", "fields": {"project": 1, "stoptime": null, "starttime": "2011-12-31 03:59:58", "device_id": "03003cc1-1c6d-45c3-9c4d-a0e8983fde9f"}}, {"pk": 739, "model": "rw.session", "fields": {"project": 1, "stoptime": null, "starttime": "2011-12-31 05:16:58", "device_id": "4bb64779-96f0-46af-b951-dceadf5aff8c"}}, {"pk": 740, "model": "rw.session", "fields": {"project": 1, "stoptime": null, "starttime": "2011-12-31 05:24:24", "device_id": "8485308d-f1f5-4c78-b895-8d91a4cab254"}}, {"pk": 741, "model": "rw.session", "fields": {"project": 1, "stoptime": null, "starttime": "2011-12-31 05:30:54", "device_id": "b06bb06e-3d7a-4fd1-900f-f59816a41f41"}}, {"pk": 742, "model": "rw.session", "fields": {"project": 1, "stoptime": null, "starttime": "2011-12-31 05:36:44", "device_id": "75e92b44-e80e-4add-9dbc-96b08f33d7a8"}}, {"pk": 743, "model": "rw.session", "fields": {"project": 1, "stoptime": null, "starttime": "2011-12-31 06:05:58", "device_id": "7d3f1479-8058-4790-8e46-e81aae89415d"}}, {"pk": 744, "model": "rw.session", "fields": {"project": 1, "stoptime": null, "starttime": "2012-01-01 13:57:23", "device_id": "926b5035-3ad5-43fe-9a43-7323ea51ef8a"}}, {"pk": 745, "model": "rw.session", "fields": {"project": 1, "stoptime": null, "starttime": "2012-01-01 14:07:07", "device_id": "aa067c1b-e1a1-42eb-bcbd-bd8b5400fb90"}}, {"pk": 746, "model": "rw.session", "fields": {"project": 1, "stoptime": null, "starttime": "2012-01-01 14:08:38", "device_id": "aa067c1b-e1a1-42eb-bcbd-bd8b5400fb90"}}, {"pk": 747, "model": "rw.session", "fields": {"project": 1, "stoptime": null, "starttime": "2012-01-01 14:09:11", "device_id": "d3a9a0f6-1443-41a2-843b-f23231ac23e4"}}, {"pk": 748, "model": "rw.session", "fields": {"project": 1, "stoptime": null, "starttime": "2012-01-01 14:19:17", "device_id": "aa067c1b-e1a1-42eb-bcbd-bd8b5400fb90"}}, {"pk": 749, "model": "rw.session", "fields": {"project": 1, "stoptime": null, "starttime": "2012-01-01 14:20:07", "device_id": "c7671f85-2f1b-49e5-bd00-5ca704c64ab9"}}, {"pk": 750, "model": "rw.session", "fields": {"project": 1, "stoptime": null, "starttime": "2012-01-01 14:20:28", "device_id": "ffe3f0ad-55e8-4280-8d2e-cfe3deb1c612"}}, {"pk": 751, "model": "rw.session", "fields": {"project": 1, "stoptime": null, "starttime": "2012-01-01 16:14:54", "device_id": "56de07d8-500a-462c-8227-89849cbf4d5f"}}, {"pk": 752, "model": "rw.session", "fields": {"project": 1, "stoptime": null, "starttime": "2012-01-01 16:23:52", "device_id": "37b8828c-0631-4c21-9ef0-270c7afd2e7a"}}, {"pk": 753, "model": "rw.session", "fields": {"project": 1, "stoptime": null, "starttime": "2012-01-01 16:25:08", "device_id": "3bc10fde-0ef9-4c72-979e-267948301b07"}}, {"pk": 754, "model": "rw.session", "fields": {"project": 1, "stoptime": null, "starttime": "2012-01-01 16:26:14", "device_id": "3bc10fde-0ef9-4c72-979e-267948301b07"}}, {"pk": 755, "model": "rw.session", "fields": {"project": 1, "stoptime": null, "starttime": "2012-01-01 16:27:02", "device_id": "e8835f05-736f-4f3d-8065-9b968155cfbe"}}, {"pk": 756, "model": "rw.session", "fields": {"project": 1, "stoptime": null, "starttime": "2012-01-01 16:27:46", "device_id": "e8835f05-736f-4f3d-8065-9b968155cfbe"}}, {"pk": 757, "model": "rw.session", "fields": {"project": 1, "stoptime": null, "starttime": "2012-01-01 16:34:17", "device_id": "5fcf2efa-201b-4108-8d06-ff376ede265b"}}, {"pk": 758, "model": "rw.session", "fields": {"project": 1, "stoptime": null, "starttime": "2012-01-02 04:03:14", "device_id": "0dcf5789-8536-4e96-88bb-f0a6b56ecb55"}}, {"pk": 759, "model": "rw.session", "fields": {"project": 1, "stoptime": null, "starttime": "2012-01-02 04:05:54", "device_id": "5272d352-4d44-4716-8731-fa74c3ed49a0"}}, {"pk": 760, "model": "rw.session", "fields": {"project": 1, "stoptime": null, "starttime": "2012-01-02 07:45:18", "device_id": "cac8d0f5-3d09-4cac-a7a4-f0a8cdc30d2c"}}, {"pk": 761, "model": "rw.session", "fields": {"project": 1, "stoptime": null, "starttime": "2012-01-02 07:56:26", "device_id": "31be4215-0537-4f34-bff2-9e70a35de0d6"}}, {"pk": 762, "model": "rw.session", "fields": {"project": 1, "stoptime": null, "starttime": "2012-01-02 08:06:28", "device_id": "22f3dec1-ab53-4f60-9ac3-2901378c8217"}}, {"pk": 763, "model": "rw.session", "fields": {"project": 1, "stoptime": null, "starttime": "2012-01-02 08:11:02", "device_id": "cecb2444-f7a1-4ebb-a8f6-dc0997122237"}}, {"pk": 764, "model": "rw.session", "fields": {"project": 1, "stoptime": null, "starttime": "2012-01-02 08:15:48", "device_id": "cafcecc7-0242-4179-9413-bfb93bcbc711"}}, {"pk": 765, "model": "rw.session", "fields": {"project": 1, "stoptime": null, "starttime": "2012-01-02 08:18:39", "device_id": "93a7635e-9e3f-488b-8ced-2f0ae73b3944"}}, {"pk": 766, "model": "rw.session", "fields": {"project": 1, "stoptime": null, "starttime": "2012-01-02 08:23:53", "device_id": "94b2f869-a93f-4a4a-80a1-e73f716933c5"}}, {"pk": 767, "model": "rw.session", "fields": {"project": 1, "stoptime": null, "starttime": "2012-01-02 09:07:37", "device_id": "189fc573-741e-4ad3-99bf-84b14254827d"}}, {"pk": 768, "model": "rw.session", "fields": {"project": 1, "stoptime": null, "starttime": "2012-01-02 12:11:41", "device_id": "43bb250e-88ce-4af4-8aa6-b5eae57d8362"}}, {"pk": 769, "model": "rw.session", "fields": {"project": 1, "stoptime": null, "starttime": "2012-01-02 12:13:03", "device_id": "8a21a25d-ce06-4e16-a2d3-fa9a66d5811d"}}, {"pk": 770, "model": "rw.session", "fields": {"project": 1, "stoptime": null, "starttime": "2012-01-02 12:14:29", "device_id": "43bb250e-88ce-4af4-8aa6-b5eae57d8362"}}, {"pk": 771, "model": "rw.session", "fields": {"project": 1, "stoptime": null, "starttime": "2012-01-02 12:16:20", "device_id": "9947252b-4e28-46b0-bcdc-46ff0a0ba8cd"}}, {"pk": 772, "model": "rw.session", "fields": {"project": 1, "stoptime": null, "starttime": "2012-01-02 12:16:42", "device_id": "63fe1772-1a07-4e1b-a2f6-cacfa4109d98"}}, {"pk": 773, "model": "rw.session", "fields": {"project": 1, "stoptime": null, "starttime": "2012-01-02 12:17:31", "device_id": "9947252b-4e28-46b0-bcdc-46ff0a0ba8cd"}}, {"pk": 774, "model": "rw.session", "fields": {"project": 1, "stoptime": null, "starttime": "2012-01-02 12:26:47", "device_id": "b766c180-b5df-490b-b9ab-fdac170755e8"}}, {"pk": 775, "model": "rw.session", "fields": {"project": 1, "stoptime": null, "starttime": "2012-01-02 12:28:00", "device_id": "1b2e067d-d661-42bb-99e4-0d37d69e8a0f"}}, {"pk": 776, "model": "rw.session", "fields": {"project": 1, "stoptime": null, "starttime": "2012-01-02 12:31:39", "device_id": "cbcd7b3e-ca2c-40df-9083-bd77d6efad1e"}}, {"pk": 777, "model": "rw.session", "fields": {"project": 1, "stoptime": null, "starttime": "2012-01-02 12:32:32", "device_id": "cbcd7b3e-ca2c-40df-9083-bd77d6efad1e"}}, {"pk": 778, "model": "rw.session", "fields": {"project": 1, "stoptime": null, "starttime": "2012-01-02 12:41:21", "device_id": "cbcd7b3e-ca2c-40df-9083-bd77d6efad1e"}}, {"pk": 779, "model": "rw.session", "fields": {"project": 1, "stoptime": null, "starttime": "2012-01-05 00:56:25", "device_id": "fd870f61-09f3-4ff1-87ad-34b67d88eff5"}}, {"pk": 1, "model": "rw.uimode", "fields": {"data": "", "name": "listen"}}, {"pk": 2, "model": "rw.uimode", "fields": {"data": "", "name": "speak"}}, {"pk": 1, "model": "rw.tagcategory", "fields": {"data": "", "name": "age"}}, {"pk": 2, "model": "rw.tagcategory", "fields": {"data": "", "name": "question"}}, {"pk": 3, "model": "rw.tagcategory", "fields": {"data": "", "name": "demo"}}, {"pk": 1, "model": "rw.selectionmethod", "fields": {"data": "", "name": "single"}}, {"pk": 2, "model": "rw.selectionmethod", "fields": {"data": "", "name": "multi"}}, {"pk": 1, "model": "rw.tag", "fields": {"data": "", "value": "young\r\n", "tag_category": 1}}, {"pk": 2, "model": "rw.tag", "fields": {"data": "", "value": "old", "tag_category": 1}}, {"pk": 3, "model": "rw.tag", "fields": {"data": "", "value": "male", "tag_category": 3}}, {"pk": 4, "model": "rw.tag", "fields": {"data": "", "value": "female", "tag_category": 3}}, {"pk": 5, "model": "rw.tag", "fields": {"data": "", "value": "What is your favorite memory....?\r\n", "tag_category": 2}}, {"pk": 6, "model": "rw.tag", "fields": {"data": "", "value": "What did you eat today?", "tag_category": 2}}, {"pk": 7, "model": "rw.tag", "fields": {"data": "", "value": "What is favorite place to visit?", "tag_category": 2}}, {"pk": 1, "model": "rw.masterui", "fields": {"index": 1, "name": "Demographic", "project": 1, "ui_mode": 1, "active": true, "select": 2, "tag_category": 3}}, {"pk": 2, "model": "rw.masterui", "fields": {"index": 2, "name": "Age", "project": 1, "ui_mode": 1, "active": true, "select": 2, "tag_category": 1}}, {"pk": 3, "model": "rw.masterui", "fields": {"index": 3, "name": "Question", "project": 1, "ui_mode": 1, "active": true, "select": 2, "tag_category": 2}}, {"pk": 4, "model": "rw.masterui", "fields": {"index": 1, "name": "Demographic", "project": 1, "ui_mode": 2, "active": true, "select": 1, "tag_category": 3}}, {"pk": 5, "model": "rw.masterui", "fields": {"index": 2, "name": "Age", "project": 1, "ui_mode": 2, "active": true, "select": 1, "tag_category": 1}}, {"pk": 6, "model": "rw.masterui", "fields": {"index": 3, "name": "Question", "project": 1, "ui_mode": 2, "active": true, "select": 1, "tag_category": 2}}, {"pk": 1, "model": "rw.uimapping", "fields": {"default": true, "index": 1, "master_ui": 1, "tag": 3, "active": true}}, {"pk": 2, "model": "rw.uimapping", "fields": {"default": true, "index": 2, "master_ui": 1, "tag": 4, "active": true}}, {"pk": 3, "model": "rw.uimapping", "fields": {"default": true, "index": 1, "master_ui": 2, "tag": 1, "active": true}}, {"pk": 4, "model": "rw.uimapping", "fields": {"default": true, "index": 2, "master_ui": 2, "tag": 2, "active": true}}, {"pk": 5, "model": "rw.uimapping", "fields": {"default": true, "index": 1, "master_ui": 3, "tag": 5, "active": true}}, {"pk": 6, "model": "rw.uimapping", "fields": {"default": true, "index": 2, "master_ui": 3, "tag": 6, "active": true}}, {"pk": 7, "model": "rw.uimapping", "fields": {"default": true, "index": 3, "master_ui": 3, "tag": 7, "active": true}}, {"pk": 8, "model": "rw.uimapping", "fields": {"default": true, "index": 1, "master_ui": 4, "tag": 3, "active": true}}, {"pk": 9, "model": "rw.uimapping", "fields": {"default": false, "index": 2, "master_ui": 4, "tag": 4, "active": true}}, {"pk": 10, "model": "rw.uimapping", "fields": {"default": true, "index": 1, "master_ui": 5, "tag": 1, "active": true}}, {"pk": 11, "model": "rw.uimapping", "fields": {"default": false, "index": 2, "master_ui": 5, "tag": 2, "active": true}}, {"pk": 12, "model": "rw.uimapping", "fields": {"default": true, "index": 1, "master_ui": 6, "tag": 5, "active": true}}, {"pk": 13, "model": "rw.uimapping", "fields": {"default": false, "index": 2, "master_ui": 6, "tag": 6, "active": true}}, {"pk": 14, "model": "rw.uimapping", "fields": {"default": false, "index": 3, "master_ui": 6, "tag": 7, "active": true}}, {"pk": 1, "model": "rw.audiotrack", "fields": {"minpanpos": 0.0, "minvolume": 1.0, "maxfadeouttime": 2000000000.0, "mindeadair": 1000000000.0, "maxpanduration": 10000000000.0, "minpanduration": 5000000000.0, "maxpanpos": 0.0, "project": 1, "minfadeintime": 100000000.0, "maxdeadair": 3000000000.0, "minfadeouttime": 100000000.0, "repeatrecordings": false, "minduration": 180000000000.0, "maxvolume": 1.0, "maxduration": 180000000000.0, "maxfadeintime": 500000000.0}}, {"pk": 1, "model": "rw.asset", "fields": {"project": 1, "created": "2011-12-12 13:09:29", "tags": [5], "submitted": false, "filename": "20111212-130928.wav", "volume": 1.0, "session": 77, "longitude": 4.0, "latitude": 4.0, "audiolength": 2809614513}}, {"pk": 2, "model": "rw.asset", "fields": {"project": 1, "created": "2011-12-12 13:09:56", "tags": [5], "submitted": false, "filename": "20111212-130956.wav", "volume": 1.0, "session": 77, "longitude": 3.0, "latitude": 3.0, "audiolength": 2345215420}}, {"pk": 3, "model": "rw.asset", "fields": {"project": 1, "created": "2011-12-12 14:12:09", "tags": [6], "submitted": false, "filename": "20111212-141209.wav", "volume": 1.0, "session": 79, "longitude": 5.0, "latitude": 5.0, "audiolength": 6548027211}}, {"pk": 4, "model": "rw.asset", "fields": {"project": 1, "created": "2011-12-12 14:16:37", "tags": [5], "submitted": true, "filename": "20111212-141636.wav", "volume": 1.0, "session": 79, "longitude": 0.0, "latitude": 0.0, "audiolength": 8707482994}}, {"pk": 5, "model": "rw.asset", "fields": {"project": 1, "created": "2011-12-12 15:44:33", "tags": [1], "submitted": true, "filename": "20111212-154433.wav", "volume": 1.0, "session": 79, "longitude": 1.0, "latitude": 1.0, "audiolength": 9775600908}}, {"pk": 6, "model": "rw.asset", "fields": {"project": 1, "created": "2011-12-12 15:45:49", "tags": [2], "submitted": true, "filename": "20111212-154549.wav", "volume": 1.0, "session": 79, "longitude": 2.0, "latitude": 2.0, "audiolength": 5874648527}}, {"pk": 7, "model": "rw.asset", "fields": {"project": 1, "created": "2011-12-12 15:47:07", "tags": [3], "submitted": true, "filename": "20111212-154706.wav", "volume": 1.0, "session": 79, "longitude": 3.0, "latitude": 3.0, "audiolength": 6199727892}}, {"pk": 8, "model": "rw.asset", "fields": {"project": 1, "created": "2011-12-12 15:47:56", "tags": [2, 4], "submitted": true, "filename": "20111212-154755.wav", "volume": 1.0, "session": 79, "longitude": 4.0, "latitude": 4.0, "audiolength": 6246167801}}, {"pk": 9, "model": "rw.asset", "fields": {"project": 1, "created": "2011-12-12 16:53:09", "tags": [1], "submitted": false, "filename": "20111212-165241.wav", "volume": 1.0, "session": 99, "longitude": -122.406417, "latitude": 37.785834000000001, "audiolength": 2066575964}}, {"pk": 10, "model": "rw.asset", "fields": {"project": 1, "created": "2011-12-12 16:53:10", "tags": [3], "submitted": false, "filename": "20111212-165310.wav", "volume": 1.0, "session": 100, "longitude": -122.406417, "latitude": 37.785834000000001, "audiolength": 2066575964}}, {"pk": 11, "model": "rw.asset", "fields": {"project": 1, "created": "2011-12-12 16:58:58", "tags": [2], "submitted": true, "filename": "20111212-165858.wav", "volume": 1.0, "session": 100, "longitude": -122.406417, "latitude": 37.785834000000001, "audiolength": 4109931973}}, {"pk": 12, "model": "rw.asset", "fields": {"project": 1, "created": "2011-12-12 22:32:20", "tags": [6], "submitted": false, "filename": "20111212-223219.wav", "volume": 1.0, "session": 116, "longitude": 2.0, "latitude": 2.0, "audiolength": 6339047620}}, {"pk": 13, "model": "rw.asset", "fields": {"project": 1, "created": "2011-12-12 22:34:49", "tags": [4], "submitted": false, "filename": "20111212-223449.wav", "volume": 1.0, "session": 118, "longitude": 1.0, "latitude": 1.0, "audiolength": 4481451248}}, {"pk": 14, "model": "rw.asset", "fields": {"project": 1, "created": "2011-12-12 22:36:06", "tags": [2], "submitted": true, "filename": "20111212-223606.wav", "volume": 1.0, "session": 118, "longitude": 3.0, "latitude": 3.0, "audiolength": 6710566894}}, {"pk": 15, "model": "rw.asset", "fields": {"project": 1, "created": "2011-12-12 22:41:36", "tags": [1], "submitted": false, "filename": "20111212-224136.wav", "volume": 1.0, "session": 120, "longitude": -122.406417, "latitude": 37.785834000000001, "audiolength": 10820498867}}, {"pk": 16, "model": "rw.asset", "fields": {"project": 1, "created": "2011-12-12 22:59:53", "tags": [4], "submitted": true, "filename": "20111212-225952.wav", "volume": 1.0, "session": 124, "longitude": -122.406417, "latitude": 37.785834000000001, "audiolength": 9613061225}}, {"pk": 17, "model": "rw.asset", "fields": {"project": 1, "created": "2011-12-12 23:03:50", "tags": [2], "submitted": true, "filename": "20111212-230350.wav", "volume": 1.0, "session": 124, "longitude": -122.406417, "latitude": 37.785834000000001, "audiolength": 2623854876}}, {"pk": 18, "model": "rw.asset", "fields": {"project": 1, "created": "2011-12-12 23:20:30", "tags": [], "submitted": true, "filename": "20111212-232030.wav", "volume": 1.0, "session": 125, "longitude": -122.406417, "latitude": 37.785834000000001, "audiolength": 3622312926}}, {"pk": 19, "model": "rw.asset", "fields": {"project": 1, "created": "2011-12-12 23:30:35", "tags": [], "submitted": false, "filename": "20111212-233035.wav", "volume": 1.0, "session": 130, "longitude": -122.406417, "latitude": 37.785834000000001, "audiolength": 11354557824}}, {"pk": 20, "model": "rw.asset", "fields": {"project": 1, "created": "2011-12-13 07:32:51", "tags": [], "submitted": true, "filename": "20111213-073251.wav", "volume": 1.0, "session": 160, "longitude": -122.406417, "latitude": 37.785834000000001, "audiolength": 2809614513}}, {"pk": 21, "model": "rw.asset", "fields": {"project": 1, "created": "2011-12-13 07:50:09", "tags": [1, 2, 3, 4], "submitted": true, "filename": "20111213-075008.wav", "volume": 1.0, "session": 161, "longitude": -122.406417, "latitude": 37.785834000000001, "audiolength": 5061950114}}, {"pk": 22, "model": "rw.asset", "fields": {"project": 1, "created": "2011-12-13 07:54:17", "tags": [1, 2, 3, 4], "submitted": true, "filename": "20111213-075416.wav", "volume": 1.0, "session": 163, "longitude": -122.406417, "latitude": 37.785834000000001, "audiolength": 5804988663}}, {"pk": 23, "model": "rw.asset", "fields": {"project": 1, "created": "2011-12-13 08:49:45", "tags": [], "submitted": true, "filename": "20111213-084945.wav", "volume": 1.0, "session": 185, "longitude": -122.406417, "latitude": 37.785834000000001, "audiolength": 3506213152}}, {"pk": 24, "model": "rw.asset", "fields": {"project": 1, "created": "2011-12-13 09:16:29", "tags": [], "submitted": false, "filename": "20111213-091629.wav", "volume": 1.0, "session": 191, "longitude": -122.406417, "latitude": 37.785834000000001, "audiolength": 2066575964}}, {"pk": 25, "model": "rw.asset", "fields": {"project": 1, "created": "2011-12-13 09:26:35", "tags": [1, 6], "submitted": true, "filename": "20111213-092635.wav", "volume": 1.0, "session": 192, "longitude": 5.6635549999999997, "latitude": 51.975113, "audiolength": 8576000000}}, {"pk": 26, "model": "rw.asset", "fields": {"project": 1, "created": "2011-12-13 09:26:38", "tags": [], "submitted": false, "filename": "20111213-092638.wav", "volume": 1.0, "session": 191, "longitude": -122.406417, "latitude": 37.785834000000001, "audiolength": 12887074830}}, {"pk": 27, "model": "rw.asset", "fields": {"project": 1, "created": "2011-12-13 09:27:44", "tags": [6], "submitted": true, "filename": "20111213-092744.wav", "volume": 1.0, "session": 192, "longitude": 5.6635549999999997, "latitude": 51.975113, "audiolength": 3968000000}}, {"pk": 28, "model": "rw.asset", "fields": {"project": 1, "created": "2011-12-13 09:29:16", "tags": [1, 6], "submitted": true, "filename": "20111213-092916.wav", "volume": 1.0, "session": 192, "longitude": 5.6635179999999998, "latitude": 51.975079000000001, "audiolength": 5760000000}}, {"pk": 29, "model": "rw.asset", "fields": {"project": 1, "created": "2011-12-13 10:39:38", "tags": [1, 7], "submitted": true, "filename": "20111213-103938.wav", "volume": 1.0, "session": 204, "longitude": 5.6635249999999999, "latitude": 51.975096999999998, "audiolength": 7680000000}}, {"pk": 30, "model": "rw.asset", "fields": {"project": 1, "created": "2011-12-13 12:33:48", "tags": [], "submitted": true, "filename": "20111213-123348.wav", "volume": 1.0, "session": 209, "longitude": -122.406417, "latitude": 37.785834000000001, "audiolength": 2623854876}}, {"pk": 31, "model": "rw.asset", "fields": {"project": 1, "created": "2011-12-13 12:53:45", "tags": [], "submitted": true, "filename": "20111213-125345.wav", "volume": 1.0, "session": 210, "longitude": -122.406417, "latitude": 37.785834000000001, "audiolength": 3738412699}}, {"pk": 32, "model": "rw.asset", "fields": {"project": 1, "created": "2011-12-13 12:54:56", "tags": [], "submitted": false, "filename": "20111213-125455.wav", "volume": 1.0, "session": 210, "longitude": -122.406417, "latitude": 37.785834000000001, "audiolength": 30139501134}}, {"pk": 33, "model": "rw.asset", "fields": {"project": 1, "created": "2011-12-13 12:56:04", "tags": [], "submitted": false, "filename": "20111213-125603.wav", "volume": 1.0, "session": 210, "longitude": -122.406417, "latitude": 37.785834000000001, "audiolength": 30139501134}}, {"pk": 34, "model": "rw.asset", "fields": {"project": 1, "created": "2011-12-13 13:01:45", "tags": [], "submitted": false, "filename": "20111213-130145.wav", "volume": 1.0, "session": 212, "longitude": 0.0, "latitude": 0.0, "audiolength": 30139501134}}, {"pk": 35, "model": "rw.asset", "fields": {"project": 1, "created": "2011-12-13 20:04:20", "tags": [1, 2, 3, 4], "submitted": true, "filename": "20111213-200419.wav", "volume": 1.0, "session": 223, "longitude": 0.0, "latitude": 0.0, "audiolength": 4109931973}}, {"pk": 36, "model": "rw.asset", "fields": {"project": 1, "created": "2011-12-13 22:03:11", "tags": [1, 6], "submitted": true, "filename": "20111213-220311.wav", "volume": 1.0, "session": 224, "longitude": -71.281064999999998, "latitude": 42.498516000000002, "audiolength": 7168000000}}, {"pk": 37, "model": "rw.asset", "fields": {"project": 1, "created": "2011-12-14 11:46:06", "tags": [1], "submitted": true, "filename": "20111214-114606.wav", "volume": 1.0, "session": 240, "longitude": -122.406417, "latitude": 37.785834000000001, "audiolength": 2623854876}}, {"pk": 38, "model": "rw.asset", "fields": {"project": 1, "created": "2011-12-14 12:28:22", "tags": [1, 5], "submitted": true, "filename": "20111214-122822.wav", "volume": 1.0, "session": 243, "longitude": -71.281064999999998, "latitude": 42.498516000000002, "audiolength": 7680000000}}, {"pk": 39, "model": "rw.asset", "fields": {"project": 1, "created": "2011-12-14 14:37:46", "tags": [1], "submitted": false, "filename": "20111214-143746.wav", "volume": 1.0, "session": 261, "longitude": -122.406417, "latitude": 37.785834000000001, "audiolength": 1137777778}}, {"pk": 40, "model": "rw.asset", "fields": {"project": 1, "created": "2011-12-14 17:41:19", "tags": [4, 6], "submitted": true, "filename": "20111214-174119.wav", "volume": 1.0, "session": 292, "longitude": -122.406417, "latitude": 37.785834000000001, "audiolength": 5410249434}}, {"pk": 41, "model": "rw.asset", "fields": {"project": 1, "created": "2011-12-14 18:05:42", "tags": [], "submitted": false, "filename": "20111214-180542.wav", "volume": 1.0, "session": 298, "longitude": -122.406417, "latitude": 37.785834000000001, "audiolength": 10077460318}}, {"pk": 42, "model": "rw.asset", "fields": {"project": 1, "created": "2011-12-14 18:44:04", "tags": [], "submitted": true, "filename": "20111214-184404.wav", "volume": 1.0, "session": 298, "longitude": -122.406417, "latitude": 37.785834000000001, "audiolength": 2554195012}}, {"pk": 43, "model": "rw.asset", "fields": {"project": 1, "created": "2011-12-14 18:53:11", "tags": [], "submitted": true, "filename": "20111214-185310.wav", "volume": 1.0, "session": 298, "longitude": -122.406417, "latitude": 37.785834000000001, "audiolength": 9125442177}}, {"pk": 44, "model": "rw.asset", "fields": {"project": 1, "created": "2011-12-14 19:45:46", "tags": [1, 2], "submitted": true, "filename": "20111214-194546.wav", "volume": 1.0, "session": 305, "longitude": -122.406417, "latitude": 37.785834000000001, "audiolength": 2089795919}}, {"pk": 45, "model": "rw.asset", "fields": {"project": 1, "created": "2011-12-14 20:17:15", "tags": [], "submitted": true, "filename": "20111214-201715.wav", "volume": 1.0, "session": 310, "longitude": 0.0, "latitude": 0.0, "audiolength": 1160997733}}, {"pk": 46, "model": "rw.asset", "fields": {"project": 1, "created": "2011-12-14 20:21:37", "tags": [], "submitted": true, "filename": "20111214-202137.wav", "volume": 1.0, "session": 311, "longitude": -122.40641784668, "latitude": 37.785835266113303, "audiolength": 1323537415}}, {"pk": 47, "model": "rw.asset", "fields": {"project": 1, "created": "2011-12-14 20:44:19", "tags": [1, 2], "submitted": true, "filename": "20111214-204419.wav", "volume": 1.0, "session": 313, "longitude": -71.280654907226605, "latitude": 42.4983940124512, "audiolength": 1904036282}}, {"pk": 48, "model": "rw.asset", "fields": {"project": 1, "created": "2011-12-14 20:45:16", "tags": [1, 2], "submitted": true, "filename": "20111214-204515.wav", "volume": 1.0, "session": 313, "longitude": -71.280654907226605, "latitude": 42.4983940124512, "audiolength": 6524807257}}, {"pk": 49, "model": "rw.asset", "fields": {"project": 1, "created": "2011-12-14 21:40:32", "tags": [], "submitted": true, "filename": "20111214-214032.wav", "volume": 1.0, "session": 348, "longitude": -78.729133605957003, "latitude": 35.882957458496101, "audiolength": 3482993198}}, {"pk": 50, "model": "rw.asset", "fields": {"project": 1, "created": "2011-12-16 09:11:38", "tags": [6], "submitted": true, "filename": "20111216-091138.wav", "volume": 1.0, "session": 442, "longitude": -77.020718000000002, "latitude": 38.888210000000001, "audiolength": 27200000000}}, {"pk": 51, "model": "rw.asset", "fields": {"project": 1, "created": "2011-12-16 09:17:58", "tags": [6], "submitted": true, "filename": "20111216-091758.wav", "volume": 1.0, "session": 442, "longitude": -77.020718000000002, "latitude": 38.888210000000001, "audiolength": 27200000000}}, {"pk": 52, "model": "rw.asset", "fields": {"project": 1, "created": "2011-12-16 09:21:03", "tags": [6], "submitted": true, "filename": "20111216-092103.wav", "volume": 1.0, "session": 442, "longitude": -77.020718000000002, "latitude": 38.888210000000001, "audiolength": 27200000000}}, {"pk": 53, "model": "rw.asset", "fields": {"project": 1, "created": "2011-12-16 09:24:31", "tags": [1, 3, 7], "submitted": true, "filename": "20111216-092431.wav", "volume": 1.0, "session": 442, "longitude": -77.020718000000002, "latitude": 38.888210000000001, "audiolength": 30800000000}}, {"pk": 54, "model": "rw.asset", "fields": {"project": 1, "created": "2011-12-16 15:50:03", "tags": [2, 4, 7], "submitted": true, "filename": "20111216-155003.wav", "volume": 1.0, "session": 446, "longitude": -71.269000000000005, "latitude": 42.485115999999998, "audiolength": 5120000000}}, {"pk": 55, "model": "rw.asset", "fields": {"project": 1, "created": "2011-12-22 11:24:16", "tags": [1, 4, 6], "submitted": true, "filename": "20111222-112416.wav", "volume": 1.0, "session": 576, "longitude": -122.031219482422, "latitude": 37.332332611083999, "audiolength": 6153287982}}, {"pk": 56, "model": "rw.asset", "fields": {"project": 1, "created": "2011-12-23 08:20:53", "tags": [1, 3, 6], "submitted": true, "filename": "20111223-082053.wav", "volume": 1.0, "session": 587, "longitude": -78.729301452636705, "latitude": 35.883003234863303, "audiolength": 2530975057}}, {"pk": 57, "model": "rw.asset", "fields": {"project": 1, "created": "2011-12-23 08:26:40", "tags": [1, 3, 6], "submitted": true, "filename": "20111223-082639.wav", "volume": 1.0, "session": 588, "longitude": -78.729217529296903, "latitude": 35.883049011230497, "audiolength": 30116281180}}, {"pk": 58, "model": "rw.asset", "fields": {"project": 1, "created": "2011-12-23 14:23:53", "tags": [1, 4, 5], "submitted": true, "filename": "20111223-142353.wav", "volume": 1.0, "session": 597, "longitude": -78.729301452636705, "latitude": 35.883026123046903, "audiolength": 12515555556}}, {"pk": 59, "model": "rw.asset", "fields": {"project": 1, "created": "2011-12-23 21:44:02", "tags": [1, 3, 5], "submitted": true, "filename": "20111223-214402.wav", "volume": 1.0, "session": 619, "longitude": 0.0, "latitude": 0.0, "audiolength": 2647074830}}, {"pk": 60, "model": "rw.asset", "fields": {"project": 1, "created": "2011-12-23 21:46:28", "tags": [1, 3, 5], "submitted": true, "filename": "20111223-214628.wav", "volume": 1.0, "session": 620, "longitude": -72.266380310058594, "latitude": 43.716163635253899, "audiolength": 13699773243}}, {"pk": 61, "model": "rw.asset", "fields": {"project": 1, "created": "2011-12-24 03:28:17", "tags": [1, 3, 7], "submitted": true, "filename": "20111224-032817.wav", "volume": 1.0, "session": 622, "longitude": 0.0, "latitude": 0.0, "audiolength": 5520000000}}, {"pk": 62, "model": "rw.asset", "fields": {"project": 1, "created": "2011-12-24 04:10:33", "tags": [2, 4, 6], "submitted": true, "filename": "20111224-041033.wav", "volume": 1.0, "session": 623, "longitude": 0.0, "latitude": 0.0, "audiolength": 8160000000}}, {"pk": 63, "model": "rw.asset", "fields": {"project": 1, "created": "2011-12-24 04:54:03", "tags": [1, 3, 5], "submitted": true, "filename": "20111224-045403.wav", "volume": 1.0, "session": 624, "longitude": 0.0, "latitude": 0.0, "audiolength": 7680000000}}, {"pk": 64, "model": "rw.asset", "fields": {"project": 1, "created": "2011-12-24 05:33:26", "tags": [1, 3, 5], "submitted": true, "filename": "20111224-053325.wav", "volume": 1.0, "session": 626, "longitude": 0.0, "latitude": 0.0, "audiolength": 7520000000}}, {"pk": 65, "model": "rw.asset", "fields": {"project": 1, "created": "2011-12-24 05:41:18", "tags": [1, 3, 7], "submitted": true, "filename": "20111224-054118.wav", "volume": 1.0, "session": 627, "longitude": 5.6636249999999997, "latitude": 51.975254, "audiolength": 8272000000}}, {"pk": 66, "model": "rw.asset", "fields": {"project": 1, "created": "2011-12-24 13:54:14", "tags": [2, 4, 6], "submitted": true, "filename": "20111224-135413.wav", "volume": 1.0, "session": 647, "longitude": -122.031219482422, "latitude": 37.332332611083999, "audiolength": 975238096}}, {"pk": 67, "model": "rw.asset", "fields": {"project": 1, "created": "2011-12-24 13:54:29", "tags": [2, 4, 6], "submitted": true, "filename": "20111224-135429.wav", "volume": 1.0, "session": 648, "longitude": -122.031219482422, "latitude": 37.332332611083999, "audiolength": 835918368}}, {"pk": 68, "model": "rw.asset", "fields": {"project": 1, "created": "2011-12-24 13:55:35", "tags": [2, 4, 6], "submitted": true, "filename": "20111224-135535.wav", "volume": 1.0, "session": 649, "longitude": -122.031219482422, "latitude": 37.332332611083999, "audiolength": 417959184}}, {"pk": 69, "model": "rw.asset", "fields": {"project": 1, "created": "2011-12-24 13:55:45", "tags": [2, 4, 6], "submitted": true, "filename": "20111224-135544.wav", "volume": 1.0, "session": 650, "longitude": -122.031219482422, "latitude": 37.332332611083999, "audiolength": 417959184}}, {"pk": 70, "model": "rw.asset", "fields": {"project": 1, "created": "2011-12-24 13:56:00", "tags": [2, 4, 6], "submitted": true, "filename": "20111224-135600.wav", "volume": 1.0, "session": 651, "longitude": -122.031219482422, "latitude": 37.332332611083999, "audiolength": 417959184}}, {"pk": 71, "model": "rw.asset", "fields": {"project": 1, "created": "2011-12-25 20:28:33", "tags": [1, 3, 5], "submitted": true, "filename": "20111225-202833.wav", "volume": 1.0, "session": 668, "longitude": -78.729148864746094, "latitude": 35.883045196533203, "audiolength": 1323537415}}, {"pk": 72, "model": "rw.asset", "fields": {"project": 1, "created": "2011-12-25 20:28:45", "tags": [1, 3, 5], "submitted": true, "filename": "20111225-202845.wav", "volume": 1.0, "session": 669, "longitude": -78.729148864746094, "latitude": 35.883045196533203, "audiolength": 1323537415}}, {"pk": 73, "model": "rw.asset", "fields": {"project": 1, "created": "2011-12-26 10:24:40", "tags": [2, 4, 6], "submitted": true, "filename": "20111226-102440.wav", "volume": 1.0, "session": 673, "longitude": -122.40641784668, "latitude": 37.785835266113303, "audiolength": 232199547}}, {"pk": 74, "model": "rw.asset", "fields": {"project": 1, "created": "2011-12-26 10:24:55", "tags": [2, 4, 6], "submitted": true, "filename": "20111226-102455.wav", "volume": 1.0, "session": 674, "longitude": -122.40641784668, "latitude": 37.785835266113303, "audiolength": 232199547}}, {"pk": 75, "model": "rw.asset", "fields": {"project": 1, "created": "2011-12-26 10:25:16", "tags": [2, 4, 6], "submitted": true, "filename": "20111226-102516.wav", "volume": 1.0, "session": 675, "longitude": -122.40641784668, "latitude": 37.785835266113303, "audiolength": 232199547}}, {"pk": 76, "model": "rw.asset", "fields": {"project": 1, "created": "2011-12-26 10:25:23", "tags": [2, 4, 6], "submitted": true, "filename": "20111226-102523.wav", "volume": 1.0, "session": 675, "longitude": -122.40641784668, "latitude": 37.785835266113303, "audiolength": 603718821}}, {"pk": 77, "model": "rw.asset", "fields": {"project": 1, "created": "2011-12-26 10:25:37", "tags": [2, 4, 6], "submitted": true, "filename": "20111226-102537.wav", "volume": 1.0, "session": 676, "longitude": -122.40641784668, "latitude": 37.785835266113303, "audiolength": 603718821}}, {"pk": 78, "model": "rw.asset", "fields": {"project": 1, "created": "2011-12-26 10:25:44", "tags": [2, 4, 6], "submitted": true, "filename": "20111226-102544.wav", "volume": 1.0, "session": 676, "longitude": -122.40641784668, "latitude": 37.785835266113303, "audiolength": 417959184}}, {"pk": 79, "model": "rw.asset", "fields": {"project": 1, "created": "2011-12-26 10:25:51", "tags": [2, 4, 6], "submitted": true, "filename": "20111226-102551.wav", "volume": 1.0, "session": 676, "longitude": -122.40641784668, "latitude": 37.785835266113303, "audiolength": 417959184}}, {"pk": 80, "model": "rw.asset", "fields": {"project": 1, "created": "2011-12-26 10:25:58", "tags": [2, 4, 6], "submitted": true, "filename": "20111226-102558.wav", "volume": 1.0, "session": 676, "longitude": -122.40641784668, "latitude": 37.785835266113303, "audiolength": 232199547}}, {"pk": 81, "model": "rw.asset", "fields": {"project": 1, "created": "2011-12-26 10:26:05", "tags": [2, 4, 6], "submitted": true, "filename": "20111226-102605.wav", "volume": 1.0, "session": 676, "longitude": -122.40641784668, "latitude": 37.785835266113303, "audiolength": 232199547}}, {"pk": 82, "model": "rw.asset", "fields": {"project": 1, "created": "2011-12-26 10:26:12", "tags": [2, 4, 6], "submitted": true, "filename": "20111226-102612.wav", "volume": 1.0, "session": 676, "longitude": -122.40641784668, "latitude": 37.785835266113303, "audiolength": 116099774}}, {"pk": 83, "model": "rw.asset", "fields": {"project": 1, "created": "2011-12-26 10:26:19", "tags": [2, 4, 6], "submitted": true, "filename": "20111226-102619.wav", "volume": 1.0, "session": 676, "longitude": -122.40641784668, "latitude": 37.785835266113303, "audiolength": 232199547}}, {"pk": 84, "model": "rw.asset", "fields": {"project": 1, "created": "2011-12-29 09:13:13", "tags": [2, 4, 6], "submitted": true, "filename": "20111229-091313.wav", "volume": 1.0, "session": 713, "longitude": -122.40641784668, "latitude": 37.785835266113303, "audiolength": 2066575964}}, {"pk": 85, "model": "rw.asset", "fields": {"project": 1, "created": "2011-12-29 09:17:02", "tags": [2, 4, 6], "submitted": true, "filename": "20111229-091701.wav", "volume": 1.0, "session": 714, "longitude": -122.40641784668, "latitude": 37.785835266113303, "audiolength": 1323537415}}, {"pk": 86, "model": "rw.asset", "fields": {"project": 1, "created": "2011-12-30 08:31:57", "tags": [2, 4, 6], "submitted": true, "filename": "20111230-083157.wav", "volume": 1.0, "session": 720, "longitude": -122.40641784668, "latitude": 37.785835266113303, "audiolength": 1137777778}}, {"pk": 87, "model": "rw.asset", "fields": {"project": 1, "created": "2011-12-30 09:29:51", "tags": [2, 4, 6], "submitted": true, "filename": "20111230-092950.wav", "volume": 1.0, "session": 721, "longitude": -122.40641784668, "latitude": 37.785835266113303, "audiolength": 30139501134}}, {"pk": 88, "model": "rw.asset", "fields": {"project": 1, "created": "2011-12-30 12:06:31", "tags": [2, 4, 6], "submitted": true, "filename": "20111230-120631.wav", "volume": 1.0, "session": 721, "longitude": -122.40641784668, "latitude": 37.785835266113303, "audiolength": 12236916100}}, {"pk": 89, "model": "rw.asset", "fields": {"project": 1, "created": "2011-12-30 13:01:36", "tags": [1, 3, 5], "submitted": true, "filename": "20111230-130135.wav", "volume": 1.0, "session": 727, "longitude": -78.729225158691406, "latitude": 35.883022308349602, "audiolength": 30116281180}}, {"pk": 90, "model": "rw.asset", "fields": {"project": 1, "created": "2012-01-02 12:18:28", "tags": [1, 4, 6], "submitted": true, "filename": "20120102-121828.wav", "volume": 1.0, "session": 773, "longitude": -122.40641784668, "latitude": 37.785835266113303, "audiolength": 5712108844}}, {"pk": 91, "model": "rw.asset", "fields": {"project": 1, "created": "2012-01-02 12:32:10", "tags": [1, 3, 6], "submitted": true, "filename": "20120102-123210.wav", "volume": 1.0, "session": 776, "longitude": 5.6633199999999997, "latitude": 51.975090999999999, "audiolength": 3250793651}}, {"pk": 92, "model": "rw.asset", "fields": {"project": 1, "created": "2012-01-02 12:33:00", "tags": [1, 3, 6], "submitted": true, "filename": "20120102-123300.wav", "volume": 1.0, "session": 777, "longitude": 5.6633199999999997, "latitude": 51.975090999999999, "audiolength": 10588299320}}, {"pk": 93, "model": "rw.asset", "fields": {"project": 1, "created": "2012-01-02 12:35:04", "tags": [1, 3, 6], "submitted": true, "filename": "20120102-123504.wav", "volume": 1.0, "session": 777, "longitude": 5.6618969999999997, "latitude": 51.974944999999998, "audiolength": 15232290250}}, {"pk": 94, "model": "rw.asset", "fields": {"project": 1, "created": "2012-01-02 12:41:34", "tags": [1, 3, 6], "submitted": true, "filename": "20120102-124134.wav", "volume": 1.0, "session": 778, "longitude": 5.6618969999999997, "latitude": 51.974944999999998, "audiolength": 4922630386}}, {"pk": 95, "model": "rw.asset", "fields": {"project": 1, "created": "2012-01-02 12:41:45", "tags": [1, 3, 6], "submitted": true, "filename": "20120102-124145.wav", "volume": 1.0, "session": 778, "longitude": 5.6618969999999997, "latitude": 51.974944999999998, "audiolength": 7801904762}}, {"pk": 1, "model": "rw.envelope", "fields": {"session": 22, "assets": []}}, {"pk": 2, "model": "rw.envelope", "fields": {"session": 24, "assets": []}}, {"pk": 3, "model": "rw.envelope", "fields": {"session": 26, "assets": []}}, {"pk": 4, "model": "rw.envelope", "fields": {"session": 27, "assets": []}}, {"pk": 5, "model": "rw.envelope", "fields": {"session": 28, "assets": []}}, {"pk": 6, "model": "rw.envelope", "fields": {"session": 29, "assets": []}}, {"pk": 7, "model": "rw.envelope", "fields": {"session": 30, "assets": []}}, {"pk": 8, "model": "rw.envelope", "fields": {"session": 31, "assets": []}}, {"pk": 9, "model": "rw.envelope", "fields": {"session": 34, "assets": []}}, {"pk": 10, "model": "rw.envelope", "fields": {"session": 36, "assets": []}}, {"pk": 11, "model": "rw.envelope", "fields": {"session": 43, "assets": []}}, {"pk": 12, "model": "rw.envelope", "fields": {"session": 46, "assets": []}}, {"pk": 13, "model": "rw.envelope", "fields": {"session": 47, "assets": []}}, {"pk": 14, "model": "rw.envelope", "fields": {"session": 48, "assets": []}}, {"pk": 15, "model": "rw.envelope", "fields": {"session": 59, "assets": []}}, {"pk": 16, "model": "rw.envelope", "fields": {"session": 64, "assets": []}}, {"pk": 17, "model": "rw.envelope", "fields": {"session": 64, "assets": []}}, {"pk": 18, "model": "rw.envelope", "fields": {"session": 66, "assets": []}}, {"pk": 19, "model": "rw.envelope", "fields": {"session": 71, "assets": []}}, {"pk": 20, "model": "rw.envelope", "fields": {"session": 72, "assets": []}}, {"pk": 21, "model": "rw.envelope", "fields": {"session": 74, "assets": []}}, {"pk": 22, "model": "rw.envelope", "fields": {"session": 76, "assets": []}}, {"pk": 23, "model": "rw.envelope", "fields": {"session": 77, "assets": []}}, {"pk": 24, "model": "rw.envelope", "fields": {"session": 77, "assets": []}}, {"pk": 25, "model": "rw.envelope", "fields": {"session": 79, "assets": []}}, {"pk": 26, "model": "rw.envelope", "fields": {"session": 79, "assets": []}}, {"pk": 27, "model": "rw.envelope", "fields": {"session": 79, "assets": []}}, {"pk": 28, "model": "rw.envelope", "fields": {"session": 79, "assets": []}}, {"pk": 29, "model": "rw.envelope", "fields": {"session": 79, "assets": []}}, {"pk": 30, "model": "rw.envelope", "fields": {"session": 79, "assets": []}}, {"pk": 31, "model": "rw.envelope", "fields": {"session": 98, "assets": []}}, {"pk": 32, "model": "rw.envelope", "fields": {"session": 99, "assets": []}}, {"pk": 33, "model": "rw.envelope", "fields": {"session": 100, "assets": []}}, {"pk": 34, "model": "rw.envelope", "fields": {"session": 100, "assets": []}}, {"pk": 35, "model": "rw.envelope", "fields": {"session": 116, "assets": []}}, {"pk": 36, "model": "rw.envelope", "fields": {"session": 118, "assets": []}}, {"pk": 37, "model": "rw.envelope", "fields": {"session": 118, "assets": []}}, {"pk": 38, "model": "rw.envelope", "fields": {"session": 120, "assets": []}}, {"pk": 39, "model": "rw.envelope", "fields": {"session": 124, "assets": []}}, {"pk": 40, "model": "rw.envelope", "fields": {"session": 124, "assets": []}}, {"pk": 41, "model": "rw.envelope", "fields": {"session": 125, "assets": []}}, {"pk": 42, "model": "rw.envelope", "fields": {"session": 130, "assets": []}}, {"pk": 43, "model": "rw.envelope", "fields": {"session": 160, "assets": []}}, {"pk": 44, "model": "rw.envelope", "fields": {"session": 161, "assets": []}}, {"pk": 45, "model": "rw.envelope", "fields": {"session": 163, "assets": []}}, {"pk": 46, "model": "rw.envelope", "fields": {"session": 164, "assets": []}}, {"pk": 47, "model": "rw.envelope", "fields": {"session": 165, "assets": []}}, {"pk": 48, "model": "rw.envelope", "fields": {"session": 166, "assets": []}}, {"pk": 49, "model": "rw.envelope", "fields": {"session": 167, "assets": []}}, {"pk": 50, "model": "rw.envelope", "fields": {"session": 169, "assets": []}}, {"pk": 51, "model": "rw.envelope", "fields": {"session": 171, "assets": []}}, {"pk": 52, "model": "rw.envelope", "fields": {"session": 173, "assets": []}}, {"pk": 53, "model": "rw.envelope", "fields": {"session": 175, "assets": []}}, {"pk": 54, "model": "rw.envelope", "fields": {"session": 183, "assets": []}}, {"pk": 55, "model": "rw.envelope", "fields": {"session": 183, "assets": []}}, {"pk": 56, "model": "rw.envelope", "fields": {"session": 184, "assets": []}}, {"pk": 57, "model": "rw.envelope", "fields": {"session": 184, "assets": []}}, {"pk": 58, "model": "rw.envelope", "fields": {"session": 184, "assets": []}}, {"pk": 59, "model": "rw.envelope", "fields": {"session": 185, "assets": []}}, {"pk": 60, "model": "rw.envelope", "fields": {"session": 191, "assets": []}}, {"pk": 61, "model": "rw.envelope", "fields": {"session": 192, "assets": []}}, {"pk": 62, "model": "rw.envelope", "fields": {"session": 191, "assets": []}}, {"pk": 63, "model": "rw.envelope", "fields": {"session": 192, "assets": []}}, {"pk": 64, "model": "rw.envelope", "fields": {"session": 192, "assets": []}}, {"pk": 65, "model": "rw.envelope", "fields": {"session": 204, "assets": []}}, {"pk": 66, "model": "rw.envelope", "fields": {"session": 209, "assets": []}}, {"pk": 67, "model": "rw.envelope", "fields": {"session": 210, "assets": []}}, {"pk": 68, "model": "rw.envelope", "fields": {"session": 210, "assets": []}}, {"pk": 69, "model": "rw.envelope", "fields": {"session": 210, "assets": []}}, {"pk": 70, "model": "rw.envelope", "fields": {"session": 211, "assets": []}}, {"pk": 71, "model": "rw.envelope", "fields": {"session": 212, "assets": []}}, {"pk": 72, "model": "rw.envelope", "fields": {"session": 223, "assets": [35]}}, {"pk": 73, "model": "rw.envelope", "fields": {"session": 224, "assets": [36]}}, {"pk": 74, "model": "rw.envelope", "fields": {"session": 240, "assets": [37]}}, {"pk": 75, "model": "rw.envelope", "fields": {"session": 243, "assets": [38]}}, {"pk": 76, "model": "rw.envelope", "fields": {"session": 261, "assets": [39]}}, {"pk": 77, "model": "rw.envelope", "fields": {"session": 292, "assets": [40]}}, {"pk": 78, "model": "rw.envelope", "fields": {"session": 298, "assets": [41]}}, {"pk": 79, "model": "rw.envelope", "fields": {"session": 298, "assets": [42]}}, {"pk": 80, "model": "rw.envelope", "fields": {"session": 298, "assets": [43]}}, {"pk": 81, "model": "rw.envelope", "fields": {"session": 305, "assets": [44]}}, {"pk": 82, "model": "rw.envelope", "fields": {"session": 310, "assets": [45]}}, {"pk": 83, "model": "rw.envelope", "fields": {"session": 311, "assets": [46]}}, {"pk": 84, "model": "rw.envelope", "fields": {"session": 313, "assets": [47]}}, {"pk": 85, "model": "rw.envelope", "fields": {"session": 313, "assets": [48]}}, {"pk": 86, "model": "rw.envelope", "fields": {"session": 348, "assets": [49]}}, {"pk": 87, "model": "rw.envelope", "fields": {"session": 442, "assets": [50, 51, 52]}}, {"pk": 88, "model": "rw.envelope", "fields": {"session": 442, "assets": [53]}}, {"pk": 89, "model": "rw.envelope", "fields": {"session": 446, "assets": [54]}}, {"pk": 90, "model": "rw.envelope", "fields": {"session": 576, "assets": [55]}}, {"pk": 91, "model": "rw.envelope", "fields": {"session": 587, "assets": [56]}}, {"pk": 92, "model": "rw.envelope", "fields": {"session": 588, "assets": [57]}}, {"pk": 93, "model": "rw.envelope", "fields": {"session": 597, "assets": [58]}}, {"pk": 94, "model": "rw.envelope", "fields": {"session": 619, "assets": [59]}}, {"pk": 95, "model": "rw.envelope", "fields": {"session": 620, "assets": [60]}}, {"pk": 96, "model": "rw.envelope", "fields": {"session": 622, "assets": [61]}}, {"pk": 97, "model": "rw.envelope", "fields": {"session": 623, "assets": [62]}}, {"pk": 98, "model": "rw.envelope", "fields": {"session": 624, "assets": [63]}}, {"pk": 99, "model": "rw.envelope", "fields": {"session": 626, "assets": [64]}}, {"pk": 100, "model": "rw.envelope", "fields": {"session": 627, "assets": [65]}}, {"pk": 101, "model": "rw.envelope", "fields": {"session": 647, "assets": [66]}}, {"pk": 102, "model": "rw.envelope", "fields": {"session": 648, "assets": [67]}}, {"pk": 103, "model": "rw.envelope", "fields": {"session": 649, "assets": [68]}}, {"pk": 104, "model": "rw.envelope", "fields": {"session": 650, "assets": [69]}}, {"pk": 105, "model": "rw.envelope", "fields": {"session": 651, "assets": [70]}}, {"pk": 106, "model": "rw.envelope", "fields": {"session": 668, "assets": [71]}}, {"pk": 107, "model": "rw.envelope", "fields": {"session": 669, "assets": [72]}}, {"pk": 108, "model": "rw.envelope", "fields": {"session": 673, "assets": [73]}}, {"pk": 109, "model": "rw.envelope", "fields": {"session": 674, "assets": [74]}}, {"pk": 110, "model": "rw.envelope", "fields": {"session": 675, "assets": [75]}}, {"pk": 111, "model": "rw.envelope", "fields": {"session": 675, "assets": [76]}}, {"pk": 112, "model": "rw.envelope", "fields": {"session": 676, "assets": [77]}}, {"pk": 113, "model": "rw.envelope", "fields": {"session": 676, "assets": [78]}}, {"pk": 114, "model": "rw.envelope", "fields": {"session": 676, "assets": [79]}}, {"pk": 115, "model": "rw.envelope", "fields": {"session": 676, "assets": [80]}}, {"pk": 116, "model": "rw.envelope", "fields": {"session": 676, "assets": [81]}}, {"pk": 117, "model": "rw.envelope", "fields": {"session": 676, "assets": [82]}}, {"pk": 118, "model": "rw.envelope", "fields": {"session": 676, "assets": [83]}}, {"pk": 119, "model": "rw.envelope", "fields": {"session": 713, "assets": [84]}}, {"pk": 120, "model": "rw.envelope", "fields": {"session": 714, "assets": [85]}}, {"pk": 121, "model": "rw.envelope", "fields": {"session": 720, "assets": [86]}}, {"pk": 122, "model": "rw.envelope", "fields": {"session": 721, "assets": [87]}}, {"pk": 123, "model": "rw.envelope", "fields": {"session": 721, "assets": [88]}}, {"pk": 124, "model": "rw.envelope", "fields": {"session": 727, "assets": [89]}}, {"pk": 125, "model": "rw.envelope", "fields": {"session": 743, "assets": []}}, {"pk": 126, "model": "rw.envelope", "fields": {"session": 773, "assets": [90]}}, {"pk": 127, "model": "rw.envelope", "fields": {"session": 774, "assets": []}}, {"pk": 128, "model": "rw.envelope", "fields": {"session": 776, "assets": [91]}}, {"pk": 129, "model": "rw.envelope", "fields": {"session": 777, "assets": [92]}}, {"pk": 130, "model": "rw.envelope", "fields": {"session": 777, "assets": [93]}}, {"pk": 131, "model": "rw.envelope", "fields": {"session": 778, "assets": [94]}}, {"pk": 132, "model": "rw.envelope", "fields": {"session": 778, "assets": [95]}}, {"pk": 1, "model": "rw.speaker", "fields": {"code": "1", "backupuri": "http://scapesaudio.dyndns.org:8000/scapes1.mp3", "uri": "http://scapesaudio.dyndns.org:8000/scapes1.mp3", "longitude": 1.0, "activeyn": true, "project": 1, "minvolume": 0.5, "mindistance": 100, "latitude": 1.0, "maxvolume": 0.5, "maxdistance": 1000}}, {"pk": 2, "model": "rw.speaker", "fields": {"code": "HRB", "backupuri": "http://scapesaudio.dyndns.org:8000/scapes2.mp3", "uri": "http://scapesaudio.dyndns.org:8000/scapes1.mp3", "longitude": -71.279235839999998, "activeyn": true, "project": 1, "minvolume": 0.0, "mindistance": 100, "latitude": 42.497764590000003, "maxvolume": 0.40000000000000002, "maxdistance": 1000}}, {"pk": 3, "model": "rw.speaker", "fields": {"code": "BMC", "backupuri": "http://scapesaudio.dyndns.org:8000/mg5.mp3", "uri": "http://scapesaudio.dyndns.org:8000/mg5.mp3", "longitude": -122.36761475, "activeyn": false, "project": 1, "minvolume": 0.0, "mindistance": 100, "latitude": 47.67298126, "maxvolume": 1.0, "maxdistance": 1000}}, {"pk": 4, "model": "rw.speaker", "fields": {"code": "ROB", "backupuri": "http://scapesaudio.dyndns.org:8000/mg5.mp3", "uri": "http://scapesaudio.dyndns.org:8000/mg5.mp3", "longitude": 5.66699982, "activeyn": false, "project": 1, "minvolume": 0.0, "mindistance": 100, "latitude": 51.973999020000001, "maxvolume": 1.0, "maxdistance": 10000}}, {"pk": 5, "model": "rw.speaker", "fields": {"code": "JOE", "backupuri": "http://scapesaudio.dyndns.org:8000/mg5.mp3", "uri": "http://scapesaudio.dyndns.org:8000/mg5.mp3", "longitude": -78.729156489999994, "activeyn": false, "project": 1, "minvolume": 0.0, "mindistance": 100, "latitude": 35.882728579999998, "maxvolume": 1.0, "maxdistance": 10000}}, {"pk": 6, "model": "rw.speaker", "fields": {"code": "DC", "backupuri": "http://mountainghosts.dyndns.org:8000/mg8.mp3", "uri": "http://scapesaudio.dyndns.org:8000/mg5.mp3", "longitude": -77.036299999999997, "activeyn": true, "project": 1, "minvolume": 0.0, "mindistance": 1000, "latitude": 38.8902, "maxvolume": 0.59999999999999998, "maxdistance": 10000}}, {"pk": 24, "model": "admin.logentry", "fields": {"action_flag": 1, "action_time": "2012-01-02 14:29:55", "object_repr": "14:Question:question", "object_id": "14", "change_message": "", "user": 1, "content_type": 15}}, {"pk": 23, "model": "admin.logentry", "fields": {"action_flag": 1, "action_time": "2012-01-02 14:29:48", "object_repr": "13:Question:question", "object_id": "13", "change_message": "", "user": 1, "content_type": 15}}, {"pk": 22, "model": "admin.logentry", "fields": {"action_flag": 1, "action_time": "2012-01-02 14:29:40", "object_repr": "12:Question:question", "object_id": "12", "change_message": "", "user": 1, "content_type": 15}}, {"pk": 21, "model": "admin.logentry", "fields": {"action_flag": 1, "action_time": "2012-01-02 14:29:30", "object_repr": "11:Age:age", "object_id": "11", "change_message": "", "user": 1, "content_type": 15}}, {"pk": 20, "model": "admin.logentry", "fields": {"action_flag": 1, "action_time": "2012-01-02 14:29:17", "object_repr": "10:Age:age", "object_id": "10", "change_message": "", "user": 1, "content_type": 15}}, {"pk": 19, "model": "admin.logentry", "fields": {"action_flag": 1, "action_time": "2012-01-02 14:29:09", "object_repr": "9:Demographic:demo", "object_id": "9", "change_message": "", "user": 1, "content_type": 15}}, {"pk": 18, "model": "admin.logentry", "fields": {"action_flag": 1, "action_time": "2012-01-02 14:28:59", "object_repr": "8:Demographic:demo", "object_id": "8", "change_message": "", "user": 1, "content_type": 15}}, {"pk": 17, "model": "admin.logentry", "fields": {"action_flag": 2, "action_time": "2012-01-02 14:28:50", "object_repr": "2:Demographic:demo", "object_id": "2", "change_message": "Changed default.", "user": 1, "content_type": 15}}, {"pk": 16, "model": "admin.logentry", "fields": {"action_flag": 1, "action_time": "2012-01-02 14:28:30", "object_repr": "7:Question:question", "object_id": "7", "change_message": "", "user": 1, "content_type": 15}}, {"pk": 15, "model": "admin.logentry", "fields": {"action_flag": 1, "action_time": "2012-01-02 14:28:18", "object_repr": "6:Question:question", "object_id": "6", "change_message": "", "user": 1, "content_type": 15}}, {"pk": 14, "model": "admin.logentry", "fields": {"action_flag": 1, "action_time": "2012-01-02 14:28:08", "object_repr": "5:Question:question", "object_id": "5", "change_message": "", "user": 1, "content_type": 15}}, {"pk": 13, "model": "admin.logentry", "fields": {"action_flag": 1, "action_time": "2012-01-02 14:27:59", "object_repr": "4:Age:age", "object_id": "4", "change_message": "", "user": 1, "content_type": 15}}, {"pk": 12, "model": "admin.logentry", "fields": {"action_flag": 1, "action_time": "2012-01-02 14:27:51", "object_repr": "3:Age:age", "object_id": "3", "change_message": "", "user": 1, "content_type": 15}}, {"pk": 11, "model": "admin.logentry", "fields": {"action_flag": 1, "action_time": "2012-01-02 14:27:40", "object_repr": "2:Demographic:demo", "object_id": "2", "change_message": "", "user": 1, "content_type": 15}}, {"pk": 10, "model": "admin.logentry", "fields": {"action_flag": 1, "action_time": "2012-01-02 14:27:28", "object_repr": "1:Demographic:demo", "object_id": "1", "change_message": "", "user": 1, "content_type": 15}}, {"pk": 9, "model": "admin.logentry", "fields": {"action_flag": 1, "action_time": "2012-01-02 14:27:07", "object_repr": "6:speak:Question", "object_id": "6", "change_message": "", "user": 1, "content_type": 14}}, {"pk": 8, "model": "admin.logentry", "fields": {"action_flag": 1, "action_time": "2012-01-02 14:26:55", "object_repr": "5:speak:Age", "object_id": "5", "change_message": "", "user": 1, "content_type": 14}}, {"pk": 7, "model": "admin.logentry", "fields": {"action_flag": 1, "action_time": "2012-01-02 14:26:43", "object_repr": "4:speak:Demographic", "object_id": "4", "change_message": "", "user": 1, "content_type": 14}}, {"pk": 6, "model": "admin.logentry", "fields": {"action_flag": 1, "action_time": "2012-01-02 14:26:10", "object_repr": "3:listen:Question", "object_id": "3", "change_message": "", "user": 1, "content_type": 14}}, {"pk": 5, "model": "admin.logentry", "fields": {"action_flag": 2, "action_time": "2012-01-02 14:25:55", "object_repr": "2:listen:Age", "object_id": "2", "change_message": "No fields changed.", "user": 1, "content_type": 14}}, {"pk": 4, "model": "admin.logentry", "fields": {"action_flag": 1, "action_time": "2012-01-02 14:25:53", "object_repr": "2:listen:Age", "object_id": "2", "change_message": "", "user": 1, "content_type": 14}}, {"pk": 3, "model": "admin.logentry", "fields": {"action_flag": 1, "action_time": "2012-01-02 14:25:37", "object_repr": "1:listen:Demographic", "object_id": "1", "change_message": "", "user": 1, "content_type": 14}}, {"pk": 2, "model": "admin.logentry", "fields": {"action_flag": 1, "action_time": "2012-01-02 14:25:11", "object_repr": "2:multi", "object_id": "2", "change_message": "", "user": 1, "content_type": 12}}, {"pk": 1, "model": "admin.logentry", "fields": {"action_flag": 1, "action_time": "2012-01-02 14:25:07", "object_repr": "1:single", "object_id": "1", "change_message": "", "user": 1, "content_type": 12}}, {"pk": 64, "model": "auth.permission", "fields": {"codename": "add_logentry", "name": "Can add log entry", "content_type": 22}}, {"pk": 65, "model": "auth.permission", "fields": {"codename": "change_logentry", "name": "Can change log entry", "content_type": 22}}, {"pk": 66, "model": "auth.permission", "fields": {"codename": "delete_logentry", "name": "Can delete log entry", "content_type": 22}}, {"pk": 4, "model": "auth.permission", "fields": {"codename": "add_group", "name": "Can add group", "content_type": 2}}, {"pk": 5, "model": "auth.permission", "fields": {"codename": "change_group", "name": "Can change group", "content_type": 2}}, {"pk": 6, "model": "auth.permission", "fields": {"codename": "delete_group", "name": "Can delete group", "content_type": 2}}, {"pk": 10, "model": "auth.permission", "fields": {"codename": "add_message", "name": "Can add message", "content_type": 4}}, {"pk": 11, "model": "auth.permission", "fields": {"codename": "change_message", "name": "Can change message", "content_type": 4}}, {"pk": 12, "model": "auth.permission", "fields": {"codename": "delete_message", "name": "Can delete message", "content_type": 4}}, {"pk": 1, "model": "auth.permission", "fields": {"codename": "add_permission", "name": "Can add permission", "content_type": 1}}, {"pk": 2, "model": "auth.permission", "fields": {"codename": "change_permission", "name": "Can change permission", "content_type": 1}}, {"pk": 3, "model": "auth.permission", "fields": {"codename": "delete_permission", "name": "Can delete permission", "content_type": 1}}, {"pk": 7, "model": "auth.permission", "fields": {"codename": "add_user", "name": "Can add user", "content_type": 3}}, {"pk": 8, "model": "auth.permission", "fields": {"codename": "change_user", "name": "Can change user", "content_type": 3}}, {"pk": 9, "model": "auth.permission", "fields": {"codename": "delete_user", "name": "Can delete user", "content_type": 3}}, {"pk": 13, "model": "auth.permission", "fields": {"codename": "add_contenttype", "name": "Can add content type", "content_type": 5}}, {"pk": 14, "model": "auth.permission", "fields": {"codename": "change_contenttype", "name": "Can change content type", "content_type": 5}}, {"pk": 15, "model": "auth.permission", "fields": {"codename": "delete_contenttype", "name": "Can delete content type", "content_type": 5}}, {"pk": 55, "model": "auth.permission", "fields": {"codename": "add_asset", "name": "Can add asset", "content_type": 19}}, {"pk": 56, "model": "auth.permission", "fields": {"codename": "change_asset", "name": "Can change asset", "content_type": 19}}, {"pk": 57, "model": "auth.permission", "fields": {"codename": "delete_asset", "name": "Can delete asset", "content_type": 19}}, {"pk": 46, "model": "auth.permission", "fields": {"codename": "add_audiotrack", "name": "Can add audiotrack", "content_type": 16}}, {"pk": 47, "model": "auth.permission", "fields": {"codename": "change_audiotrack", "name": "Can change audiotrack", "content_type": 16}}, {"pk": 48, "model": "auth.permission", "fields": {"codename": "delete_audiotrack", "name": "Can delete audiotrack", "content_type": 16}}, {"pk": 58, "model": "auth.permission", "fields": {"codename": "add_envelope", "name": "Can add envelope", "content_type": 20}}, {"pk": 59, "model": "auth.permission", "fields": {"codename": "change_envelope", "name": "Can change envelope", "content_type": 20}}, {"pk": 60, "model": "auth.permission", "fields": {"codename": "delete_envelope", "name": "Can delete envelope", "content_type": 20}}, {"pk": 52, "model": "auth.permission", "fields": {"codename": "add_event", "name": "Can add event", "content_type": 18}}, {"pk": 53, "model": "auth.permission", "fields": {"codename": "change_event", "name": "Can change event", "content_type": 18}}, {"pk": 54, "model": "auth.permission", "fields": {"codename": "delete_event", "name": "Can delete event", "content_type": 18}}, {"pk": 49, "model": "auth.permission", "fields": {"codename": "add_eventtype", "name": "Can add event type", "content_type": 17}}, {"pk": 50, "model": "auth.permission", "fields": {"codename": "change_eventtype", "name": "Can change event type", "content_type": 17}}, {"pk": 51, "model": "auth.permission", "fields": {"codename": "delete_eventtype", "name": "Can delete event type", "content_type": 17}}, {"pk": 40, "model": "auth.permission", "fields": {"codename": "add_masterui", "name": "Can add master ui", "content_type": 14}}, {"pk": 41, "model": "auth.permission", "fields": {"codename": "change_masterui", "name": "Can change master ui", "content_type": 14}}, {"pk": 42, "model": "auth.permission", "fields": {"codename": "delete_masterui", "name": "Can delete master ui", "content_type": 14}}, {"pk": 22, "model": "auth.permission", "fields": {"codename": "add_project", "name": "Can add project", "content_type": 8}}, {"pk": 23, "model": "auth.permission", "fields": {"codename": "change_project", "name": "Can change project", "content_type": 8}}, {"pk": 24, "model": "auth.permission", "fields": {"codename": "delete_project", "name": "Can delete project", "content_type": 8}}, {"pk": 34, "model": "auth.permission", "fields": {"codename": "add_selectionmethod", "name": "Can add selection method", "content_type": 12}}, {"pk": 35, "model": "auth.permission", "fields": {"codename": "change_selectionmethod", "name": "Can change selection method", "content_type": 12}}, {"pk": 36, "model": "auth.permission", "fields": {"codename": "delete_selectionmethod", "name": "Can delete selection method", "content_type": 12}}, {"pk": 25, "model": "auth.permission", "fields": {"codename": "add_session", "name": "Can add session", "content_type": 9}}, {"pk": 26, "model": "auth.permission", "fields": {"codename": "change_session", "name": "Can change session", "content_type": 9}}, {"pk": 27, "model": "auth.permission", "fields": {"codename": "delete_session", "name": "Can delete session", "content_type": 9}}, {"pk": 61, "model": "auth.permission", "fields": {"codename": "add_speaker", "name": "Can add speaker", "content_type": 21}}, {"pk": 62, "model": "auth.permission", "fields": {"codename": "change_speaker", "name": "Can change speaker", "content_type": 21}}, {"pk": 63, "model": "auth.permission", "fields": {"codename": "delete_speaker", "name": "Can delete speaker", "content_type": 21}}, {"pk": 37, "model": "auth.permission", "fields": {"codename": "add_tag", "name": "Can add tag", "content_type": 13}}, {"pk": 38, "model": "auth.permission", "fields": {"codename": "change_tag", "name": "Can change tag", "content_type": 13}}, {"pk": 39, "model": "auth.permission", "fields": {"codename": "delete_tag", "name": "Can delete tag", "content_type": 13}}, {"pk": 31, "model": "auth.permission", "fields": {"codename": "add_tagcategory", "name": "Can add tag category", "content_type": 11}}, {"pk": 32, "model": "auth.permission", "fields": {"codename": "change_tagcategory", "name": "Can change tag category", "content_type": 11}}, {"pk": 33, "model": "auth.permission", "fields": {"codename": "delete_tagcategory", "name": "Can delete tag category", "content_type": 11}}, {"pk": 43, "model": "auth.permission", "fields": {"codename": "add_uimapping", "name": "Can add ui mapping", "content_type": 15}}, {"pk": 44, "model": "auth.permission", "fields": {"codename": "change_uimapping", "name": "Can change ui mapping", "content_type": 15}}, {"pk": 45, "model": "auth.permission", "fields": {"codename": "delete_uimapping", "name": "Can delete ui mapping", "content_type": 15}}, {"pk": 28, "model": "auth.permission", "fields": {"codename": "add_uimode", "name": "Can add ui mode", "content_type": 10}}, {"pk": 29, "model": "auth.permission", "fields": {"codename": "change_uimode", "name": "Can change ui mode", "content_type": 10}}, {"pk": 30, "model": "auth.permission", "fields": {"codename": "delete_uimode", "name": "Can delete ui mode", "content_type": 10}}, {"pk": 16, "model": "auth.permission", "fields": {"codename": "add_session", "name": "Can add session", "content_type": 6}}, {"pk": 17, "model": "auth.permission", "fields": {"codename": "change_session", "name": "Can change session", "content_type": 6}}, {"pk": 18, "model": "auth.permission", "fields": {"codename": "delete_session", "name": "Can delete session", "content_type": 6}}, {"pk": 19, "model": "auth.permission", "fields": {"codename": "add_site", "name": "Can add site", "content_type": 7}}, {"pk": 20, "model": "auth.permission", "fields": {"codename": "change_site", "name": "Can change site", "content_type": 7}}, {"pk": 21, "model": "auth.permission", "fields": {"codename": "delete_site", "name": "Can delete site", "content_type": 7}}, {"pk": 1, "model": "auth.user", "fields": {"username": "round", "first_name": "", "last_name": "", "is_active": true, "is_superuser": true, "is_staff": true, "last_login": "2012-01-02 14:24:58", "groups": [], "user_permissions": [], "password": "sha1$5d401$115bbfaf97561d07010f9edcdadebc5d55a91c2d", "email": "a@b.vom", "date_joined": "2012-01-02 14:24:43"}}]